Exam,Unit,Subject,Month,Year,Paper,Number,Section,Topic,Difficulty,Correct,Question,Answer A,Answer B,Answer C,Answer D,Validated Question Code,Validated Answer A Code,Validated Answer B Code,Validated Answer C Code,Validated Answer D Code,Q,A,B,C,D,Question Diagram Path Prefix,A Diagram Path Prefix,B Diagram Path Prefix,C Diagram Path Prefix,D Diagram Path Prefix
cape,2,PureMathematics,May,2024,1,4,Complex Numbers and Calculus 2,Complex Numbers,1,B,\text{The modulus of the complex number } ( 6 + 3i ) \text{ is},-3,3 \sqrt{5},5 \sqrt{3},9 \sqrt{5},"LaTeX(""The modulus of the complex number $( 6 + 3i )$ is"").parsingMode(.onlyEquations)","LaTeX(""( 3 )"").parsingMode(.onlyEquations)","LaTeX(""$3 \\sqrt{5}$"").parsingMode(.onlyEquations)","LaTeX(""$5 \\sqrt{3}$"").parsingMode(.onlyEquations)","LaTeX(""$9 \\sqrt{5}$"").parsingMode(.onlyEquations)",The modulus of the complex number $( 6 + 3i )$ is,-3,$3 \sqrt{5}$,$5 \sqrt{3}$,$9 \sqrt{5}$,cape_2_puremathematics_may_2024_1_4,cape_2_puremathematics_may_2024_1_4_a,cape_2_puremathematics_may_2024_1_4_b,cape_2_puremathematics_may_2024_1_4_c,cape_2_puremathematics_may_2024_1_4_d
cape,2,PureMathematics,May,2024,1,9,Complex Numbers and Calculus 2,Integration 2,2,B,( \int \frac{1}{1+9x^2} dx ) \text{ is},\frac{1}{9} \tan^{(-$2)} x + c,\frac{1}{3} \tan^{(-$2)} 3x + c,\frac{1}{3} \tan^{(-$2)} \frac{x}{3} + c,\frac{1}{9} \tan^{(-$2)} 3x + c,"LaTeX(""$( \\int \\frac{1}{1+9x^2} dx )$ is"").parsingMode(.onlyEquations)","LaTeX(""$\\frac{1}{9} \\tan^{(-$2)} x + c$"").parsingMode(.onlyEquations)","LaTeX(""$\\frac{1}{3} \\tan^{(-$2)} 3x + c$"").parsingMode(.onlyEquations)","LaTeX(""$\\frac{1}{3} \\tan^{(-$2)} \\frac{x}{3} + c$"").parsingMode(.onlyEquations)","LaTeX(""$\\frac{1}{9} \\tan^{(-$2)} 3x + c$"").parsingMode(.onlyEquations)",$( \int \frac{1}{1+9x^2} dx )$ is,$\frac{1}{9} \tan^{(-$2)} x + c$,$\frac{1}{3} \tan^{(-$2)} 3x + c$,$\frac{1}{3} \tan^{(-$2)} \frac{x}{3} + c$,$\frac{1}{9} \tan^{(-$2)} 3x + c$,cape_2_puremathematics_may_2024_1_9,cape_2_puremathematics_may_2024_1_9_a,cape_2_puremathematics_may_2024_1_9_b,cape_2_puremathematics_may_2024_1_9_c,cape_2_puremathematics_may_2024_1_9_d
cape,2,PureMathematics,May,2024,1,11,Complex Numbers and Calculus 2,Integration 2,3,C,"\text{Given that } ( \cos 2x = 1 - 2 \sin^2 x ), ( \int_0^\pi \sin^2 (\frac{x}{4}) dx ) \text{ is}",2 - \pi,\pi - 2,\frac{\pi}{2} - 1,1 - \frac{\pi}{2},"LaTeX(""Given that $( \\cos 2x = 1 - 2 \\sin^2 x ), ( \\int_0^\\pi \\sin^2 (\\frac{x}{4}) dx )$ is"").parsingMode(.onlyEquations)","LaTeX(""$2 - \\pi$"").parsingMode(.onlyEquations)","LaTeX(""$\\pi - 2$"").parsingMode(.onlyEquations)","LaTeX(""$\\frac{\\pi}{2} - 1$"").parsingMode(.onlyEquations)","LaTeX(""$1 - \\frac{\\pi}{2}$"").parsingMode(.onlyEquations)","Given that $( \cos 2x = 1 - 2 \sin^2 x ), ( \int_0^\pi \sin^2 (\frac{x}{4}) dx )$ is",$2 - \pi$,$\pi - 2$,$\frac{\pi}{2} - 1$,$1 - \frac{\pi}{2}$,cape_2_puremathematics_may_2024_1_11,cape_2_puremathematics_may_2024_1_11_a,cape_2_puremathematics_may_2024_1_11_b,cape_2_puremathematics_may_2024_1_11_c,cape_2_puremathematics_may_2024_1_11_d
cape,2,PureMathematics,May,2024,1,21,"Sequences, Series and Approximations",Series,2,D,\text{The series } ( \sum_{(n=0)}^{\infty} \frac{5}{2^n} ) \text{ converges to the value},\frac{1}{10},\frac{5}{2},-5,-10,"LaTeX(""The series $( \\sum_{(n=0)}^{\\infty} \\frac{5}{2^n} )$ converges to the value"").parsingMode(.onlyEquations)","LaTeX(""$\\frac{1}{10}$"").parsingMode(.onlyEquations)","LaTeX(""$\\frac{5}{2}$"").parsingMode(.onlyEquations)","LaTeX(""( 5 )"").parsingMode(.onlyEquations)","LaTeX(""( 10 )"").parsingMode(.onlyEquations)",The series $( \sum_{(n=0)}^{\infty} \frac{5}{2^n} )$ converges to the value,$\frac{1}{10}$,$\frac{5}{2}$,-5,-10,cape_2_puremathematics_may_2024_1_21,cape_2_puremathematics_may_2024_1_21_a,cape_2_puremathematics_may_2024_1_21_b,cape_2_puremathematics_may_2024_1_21_c,cape_2_puremathematics_may_2024_1_21_d
cape,2,PureMathematics,May,2024,1,22,"Sequences, Series and Approximations",Series,2,A,\text{Which of the following series diverges?},\sum_{(n=1)}^{\infty} \frac{3^n}{n^3},\sum_{(n=1)}^{\infty} \frac{\sin (n)}{n^3},\sum_{(n=1)}^{\infty} \frac{5n + 1}{2^n},\sum_{(n=1)}^{\infty} (-1)^n \frac{\sin (n)}{n^3},"LaTeX(""Which of the following series diverges?"").parsingMode(.onlyEquations)","LaTeX(""$\\sum_{(n=1)}^{\\infty} \\frac{3^n}{n^3}$"").parsingMode(.onlyEquations)","LaTeX(""$\\sum_{(n=1)}^{\\infty} \\frac{\\sin (n)}{n^3}$"").parsingMode(.onlyEquations)","LaTeX(""$\\sum_{(n=1)}^{\\infty} \\frac{5n + 1}{2^n}$"").parsingMode(.onlyEquations)","LaTeX(""$\\sum_{(n=1)}^{\\infty} (-1)^n \\frac{\\sin (n)}{n^3}$"").parsingMode(.onlyEquations)",Which of the following series diverges?,$\sum_{(n=1)}^{\infty} \frac{3^n}{n^3}$,$\sum_{(n=1)}^{\infty} \frac{\sin (n)}{n^3}$,$\sum_{(n=1)}^{\infty} \frac{5n + 1}{2^n}$,$\sum_{(n=1)}^{\infty} (-1)^n \frac{\sin (n)}{n^3}$,cape_2_puremathematics_may_2024_1_22,cape_2_puremathematics_may_2024_1_22_a,cape_2_puremathematics_may_2024_1_22_b,cape_2_puremathematics_may_2024_1_22_c,cape_2_puremathematics_may_2024_1_22_d
cape,2,PureMathematics,May,2024,1,28,"Sequences, Series and Approximations",Series,1,C,\text{The value of } ( \sum_{(n=0)}^{\infty} x^n ) \text{ for } ( |x| < 1 ) \text{ is},\frac{1}{x},\frac{1}{x^2},\frac{1}{1-x},\frac{1}{1-x^n},"LaTeX(""The value of $( \\sum_{(n=0)}^{\\infty} x^n )$ for $( |x| < 1 )$ is"").parsingMode(.onlyEquations)","LaTeX(""$\\frac{1}{x}$"").parsingMode(.onlyEquations)","LaTeX(""$\\frac{1}{x^2}$"").parsingMode(.onlyEquations)","LaTeX(""$\\frac{1}{1-x}$"").parsingMode(.onlyEquations)","LaTeX(""$\\frac{1}{1-x^n}$"").parsingMode(.onlyEquations)",The value of $( \sum_{(n=0)}^{\infty} x^n )$ for $( |x| < 1 )$ is,$\frac{1}{x}$,$\frac{1}{x^2}$,$\frac{1}{1-x}$,$\frac{1}{1-x^n}$,cape_2_puremathematics_may_2024_1_28,cape_2_puremathematics_may_2024_1_28_a,cape_2_puremathematics_may_2024_1_28_b,cape_2_puremathematics_may_2024_1_28_c,cape_2_puremathematics_may_2024_1_28_d
cape,2,PureMathematics,May,2024,1,29,"Sequences, Series and Approximations",Series,2,D,\text{The value of } ( \sum_{(n=1)}^{\infty} 2(\frac{1}{4})^{n-1} ) \text{ is},0,\frac{3}{2},-2,\frac{8}{3},"LaTeX(""The value of $( \\sum_{(n=1)}^{\\infty} 2(\\frac{1}{4})^{n-1} )$ is"").parsingMode(.onlyEquations)","LaTeX(""( 0 )"").parsingMode(.onlyEquations)","LaTeX(""$\\frac{3}{2}$"").parsingMode(.onlyEquations)","LaTeX(""( 2 )"").parsingMode(.onlyEquations)","LaTeX(""$\\frac{8}{3}$"").parsingMode(.onlyEquations)",The value of $( \sum_{(n=1)}^{\infty} 2(\frac{1}{4})^{n-1} )$ is,0,$\frac{3}{2}$,-2,$\frac{8}{3}$,cape_2_puremathematics_may_2024_1_29,cape_2_puremathematics_may_2024_1_29_a,cape_2_puremathematics_may_2024_1_29_b,cape_2_puremathematics_may_2024_1_29_c,cape_2_puremathematics_may_2024_1_29_d
cape,2,PureMathematics,May,2025,1,1,Complex Numbers and Calculus 2,Complex Numbers,1,A,\text{The modulus of the complex number } ( \frac{1}{2} - \frac{1}{2}i ) \text{ is},\frac{1}{\sqrt{2}},\frac{1}{2 \sqrt{2}},\sqrt{2},2 \sqrt{2},"LaTeX(""The modulus of the complex number $( \\frac{1}{2} - \\frac{1}{2}i )$ is"").parsingMode(.onlyEquations)","LaTeX(""$\\frac{1}{\\sqrt{2}}$"").parsingMode(.onlyEquations)","LaTeX(""$\\frac{1}{2 \\sqrt{2}}$"").parsingMode(.onlyEquations)","LaTeX(""$\\sqrt{2}$"").parsingMode(.onlyEquations)","LaTeX(""$2 \\sqrt{2}$"").parsingMode(.onlyEquations)",The modulus of the complex number $( \frac{1}{2} - \frac{1}{2}i )$ is,$\frac{1}{\sqrt{2}}$,$\frac{1}{2 \sqrt{2}}$,$\sqrt{2}$,$2 \sqrt{2}$,cape_2_puremathematics_may_2025_1_1,cape_2_puremathematics_may_2025_1_1_a,cape_2_puremathematics_may_2025_1_1_b,cape_2_puremathematics_may_2025_1_1_c,cape_2_puremathematics_may_2025_1_1_d
cape,2,PureMathematics,May,2025,1,6,Complex Numbers and Calculus 2,Complex Numbers,2,D,\text{The principal value of the argument of the complex number } ( -2 + 2i ) \text{ is},-\frac{3 \pi}{4},-\frac{\pi}{4},\frac{\pi}{4},\frac{3 \pi}{4},"LaTeX(""The principal value of the argument of the complex number $( -2 + 2i )$ is"").parsingMode(.onlyEquations)","LaTeX(""$-\\frac{3 \\pi}{4}$"").parsingMode(.onlyEquations)","LaTeX(""$-\\frac{\\pi}{4}$"").parsingMode(.onlyEquations)","LaTeX(""$\\frac{\\pi}{4}$"").parsingMode(.onlyEquations)","LaTeX(""$\\frac{3 \\pi}{4}$"").parsingMode(.onlyEquations)",The principal value of the argument of the complex number $( -2 + 2i )$ is,$-\frac{3 \pi}{4}$,$-\frac{\pi}{4}$,$\frac{\pi}{4}$,$\frac{3 \pi}{4}$,cape_2_puremathematics_may_2025_1_6,cape_2_puremathematics_may_2025_1_6_a,cape_2_puremathematics_may_2025_1_6_b,cape_2_puremathematics_may_2025_1_6_c,cape_2_puremathematics_may_2025_1_6_d
cape,2,PureMathematics,May,2025,1,7,Complex Numbers and Calculus 2,Complex Numbers,2,B,"\text{Given that } ( z = -1 + \sqrt{3}i ), \text{ then the exponential form of the complex number } ( z ) \text{ is}",2e^{i\frac{\pi}{6}},2e^{i\frac{2 \pi}{3}},2e^{i\frac{5 \pi}{6}},2e^{i\frac{\pi}{3}},"LaTeX(""Given that $( z = -1 + \\sqrt{3}i ),$ then the exponential form of the complex number $( z )$ is"").parsingMode(.onlyEquations)","LaTeX(""$2e^{i\\frac{\\pi}{6}}$"").parsingMode(.onlyEquations)","LaTeX(""$2e^{i\\frac{2 \\pi}{3}}$"").parsingMode(.onlyEquations)","LaTeX(""$2e^{i\\frac{5 \\pi}{6}}$"").parsingMode(.onlyEquations)","LaTeX(""$2e^{i\\frac{\\pi}{3}}$"").parsingMode(.onlyEquations)","Given that $( z = -1 + \sqrt{3}i ),$ then the exponential form of the complex number $( z )$ is",$2e^{i\frac{\pi}{6}}$,$2e^{i\frac{2 \pi}{3}}$,$2e^{i\frac{5 \pi}{6}}$,$2e^{i\frac{\pi}{3}}$,cape_2_puremathematics_may_2025_1_7,cape_2_puremathematics_may_2025_1_7_a,cape_2_puremathematics_may_2025_1_7_b,cape_2_puremathematics_may_2025_1_7_c,cape_2_puremathematics_may_2025_1_7_d
cape,2,PureMathematics,May,2025,1,10,Complex Numbers and Calculus 2,Differentiation 2,2,A,( \frac{d}{dx} \cos^{(-$2)} [ \frac{x}{2} ] ) \text{ is equal to},-\frac{1}{\sqrt{4-x^2}},-\frac{2}{\sqrt{4-x^2}},-2 \sqrt{4-x^2},\sqrt{4-x^2},"LaTeX(""$( \\frac{d}{dx} \\cos^{(-$2)} [ \\frac{x}{2} ] )$ is equal to"").parsingMode(.onlyEquations)","LaTeX(""$-\\frac{1}{\\sqrt{4-x^2}}$"").parsingMode(.onlyEquations)","LaTeX(""$-\\frac{2}{\\sqrt{4-x^2}}$"").parsingMode(.onlyEquations)","LaTeX(""$-2 \\sqrt{4-x^2}$"").parsingMode(.onlyEquations)","LaTeX(""$\\sqrt{4-x^2}$"").parsingMode(.onlyEquations)",$( \frac{d}{dx} \cos^{(-$2)} [ \frac{x}{2} ] )$ is equal to,$-\frac{1}{\sqrt{4-x^2}}$,$-\frac{2}{\sqrt{4-x^2}}$,$-2 \sqrt{4-x^2}$,$\sqrt{4-x^2}$,cape_2_puremathematics_may_2025_1_10,cape_2_puremathematics_may_2025_1_10_a,cape_2_puremathematics_may_2025_1_10_b,cape_2_puremathematics_may_2025_1_10_c,cape_2_puremathematics_may_2025_1_10_d
cape,2,PureMathematics,May,2025,1,18,"Sequences, Series and Approximations",Series,1,C,\text{The value of } ( \sum_{(n=0)}^{\infty} x^n ) \text{ for } ( |x| < 1 ) \text{ is},\frac{1}{x},\frac{1}{x^2},\frac{1}{1-x},\frac{1}{1-x^n},"LaTeX(""The value of $( \\sum_{(n=0)}^{\\infty} x^n )$ for $( |x| < 1 )$ is"").parsingMode(.onlyEquations)","LaTeX(""$\\frac{1}{x}$"").parsingMode(.onlyEquations)","LaTeX(""$\\frac{1}{x^2}$"").parsingMode(.onlyEquations)","LaTeX(""$\\frac{1}{1-x}$"").parsingMode(.onlyEquations)","LaTeX(""$\\frac{1}{1-x^n}$"").parsingMode(.onlyEquations)",The value of $( \sum_{(n=0)}^{\infty} x^n )$ for $( |x| < 1 )$ is,$\frac{1}{x}$,$\frac{1}{x^2}$,$\frac{1}{1-x}$,$\frac{1}{1-x^n}$,cape_2_puremathematics_may_2025_1_18,cape_2_puremathematics_may_2025_1_18_a,cape_2_puremathematics_may_2025_1_18_b,cape_2_puremathematics_may_2025_1_18_c,cape_2_puremathematics_may_2025_1_18_d
cape,2,PureMathematics,May,2025,1,20,"Sequences, Series and Approximations",Series,2,B,"\text{For } ( -1 < 2n < 1 ), ( \sum_{(r=0)}^{\infty} (2n)^r = )",\frac{2}{1-n},\frac{1}{1-2n},\frac{2n}{1+2n},\frac{2n}{1-2n},"LaTeX(""For $( -1 < 2n < 1 ), ( \\sum_{(r=0)}^{\\infty} (2n)^r = )$"").parsingMode(.onlyEquations)","LaTeX(""$\\frac{2}{1-n}$"").parsingMode(.onlyEquations)","LaTeX(""$\\frac{1}{1-2n}$"").parsingMode(.onlyEquations)","LaTeX(""$\\frac{2n}{1+2n}$"").parsingMode(.onlyEquations)","LaTeX(""$\\frac{2n}{1-2n}$"").parsingMode(.onlyEquations)","For $( -1 < 2n < 1 ), ( \sum_{(r=0)}^{\infty} (2n)^r = )$",$\frac{2}{1-n}$,$\frac{1}{1-2n}$,$\frac{2n}{1+2n}$,$\frac{2n}{1-2n}$,cape_2_puremathematics_may_2025_1_20,cape_2_puremathematics_may_2025_1_20_a,cape_2_puremathematics_may_2025_1_20_b,cape_2_puremathematics_may_2025_1_20_c,cape_2_puremathematics_may_2025_1_20_d
cape,2,PureMathematics,May,2025,1,22,"Sequences, Series and Approximations",Series,2,A,"\text{Which of the following series are arithmetic series?}
I. ( \sum_{(r=1)}^n (7+3r) )
II. ( \sum_{(r=1)}^n \log_{10} 3^{(r+1)} )
III. ( \sum_{(r=1)}^n \log_{10} (r+1) )",\text{I and II only},\text{I and III only},\text{II and III only},"\text{I, II and III}","LaTeX(""Which of the following series are arithmetic series?\n$I. ( \\sum_{(r=1)}^n (7+3r) )$\n$II. ( \\sum_{(r=1)}^n \\log_{10} 3^{(r+1)} )$\n$III. ( \\sum_{(r=1)}^n \\log_{10} (r+1) )$"").parsingMode(.onlyEquations)","LaTeX(""I and II only"").parsingMode(.onlyEquations)","LaTeX(""I and III only"").parsingMode(.onlyEquations)","LaTeX(""II and III only"").parsingMode(.onlyEquations)","LaTeX(""I, II and III"").parsingMode(.onlyEquations)","Which of the following series are arithmetic series?
$I. ( \sum_{(r=1)}^n (7+3r) )$
$II. ( \sum_{(r=1)}^n \log_{10} 3^{(r+1)} )$
$III. ( \sum_{(r=1)}^n \log_{10} (r+1) )$",I and II only,I and III only,II and III only,"I, II and III",cape_2_puremathematics_may_2025_1_22,cape_2_puremathematics_may_2025_1_22_a,cape_2_puremathematics_may_2025_1_22_b,cape_2_puremathematics_may_2025_1_22_c,cape_2_puremathematics_may_2025_1_22_d
cape,2,PureMathematics,May,2025,1,24,"Sequences, Series and Approximations",Series,2,C,"\text{Given that } ( S_n = \sum_{(l=1)}^n [ \frac{1}{l} - \frac{1}{l+1} ] ), ( \lim_{(n \to \infty)} S_n ) \text{ is}",0,\frac{2}{3},-1,\infty,"LaTeX(""Given that $( S_n = \\sum_{(l=1)}^n [ \\frac{1}{l} - \\frac{1}{l+1} ] ), ( \\lim_{(n \\to \\infty)} S_n )$ is"").parsingMode(.onlyEquations)","LaTeX(""( 0 )"").parsingMode(.onlyEquations)","LaTeX(""$\\frac{2}{3}$"").parsingMode(.onlyEquations)","LaTeX(""( 1 )"").parsingMode(.onlyEquations)","LaTeX(""$\\infty$"").parsingMode(.onlyEquations)","Given that $( S_n = \sum_{(l=1)}^n [ \frac{1}{l} - \frac{1}{l+1} ] ), ( \lim_{(n \to \infty)} S_n )$ is",0,$\frac{2}{3}$,-1,$\infty$,cape_2_puremathematics_may_2025_1_24,cape_2_puremathematics_may_2025_1_24_a,cape_2_puremathematics_may_2025_1_24_b,cape_2_puremathematics_may_2025_1_24_c,cape_2_puremathematics_may_2025_1_24_d
cape,2,PureMathematics,May,2025,1,35,"Sequences, Series and Approximations",Series,2,D,\text{Which of the following statements is true?},\sum_{(r=1)}^n r^2 = 2 \sum_{(r=1)}^n r,\sum_{(r=1)}^n r^2 = \sum_{(r=1)}^n r,\sum_{(r=1)}^n (2+r^2) = 2 + \sum_{(r=1)}^n r^2,\sum_{(r=1)}^n r^2 = \sum_{(r=0)}^n r^2,"LaTeX(""Which of the following statements is true?"").parsingMode(.onlyEquations)","LaTeX(""$\\sum_{(r=1)}^n r^2 = 2 \\sum_{(r=1)}^n r$"").parsingMode(.onlyEquations)","LaTeX(""$\\sum_{(r=1)}^n r^2 = \\sum_{(r=1)}^n r$"").parsingMode(.onlyEquations)","LaTeX(""$\\sum_{(r=1)}^n (2+r^2) = 2 + \\sum_{(r=1)}^n r^2$"").parsingMode(.onlyEquations)","LaTeX(""$\\sum_{(r=1)}^n r^2 = \\sum_{(r=0)}^n r^2$"").parsingMode(.onlyEquations)",Which of the following statements is true?,$\sum_{(r=1)}^n r^2 = 2 \sum_{(r=1)}^n r$,$\sum_{(r=1)}^n r^2 = \sum_{(r=1)}^n r$,$\sum_{(r=1)}^n (2+r^2) = 2 + \sum_{(r=1)}^n r^2$,$\sum_{(r=1)}^n r^2 = \sum_{(r=0)}^n r^2$,cape_2_puremathematics_may_2025_1_35,cape_2_puremathematics_may_2025_1_35_a,cape_2_puremathematics_may_2025_1_35_b,cape_2_puremathematics_may_2025_1_35_c,cape_2_puremathematics_may_2025_1_35_d
cape,2,PureMathematics,May,2025,1,39,Counting Matricies and Differential Equations,Differential Equations and Modelling,3,A,"\text{The displacement, } ( x ), \text{ of a particle at time } ( t ) \text{ is given by the differential equation } ( \frac{d^2x}{dt^2} + 2 \frac{dx}{dt} - 5x = 4e^t ). \text{ The particular integral } ( x = )",( -2e^t ),\frac{1}{4}e^t,-\frac{1}{2}e^t,( 4e^t ),"LaTeX(""The displacement, $( x ),$ of a particle at time $( t )$ is given by the differential equation $( \\frac{d^2x}{dt^2} + 2 \\frac{dx}{dt} - 5x = 4e^t ).$ The particular integral $( x = )$"").parsingMode(.onlyEquations)","LaTeX(""( -2e^t )"").parsingMode(.onlyEquations)","LaTeX(""$\\frac{1}{4}e^t$"").parsingMode(.onlyEquations)","LaTeX(""$-\\frac{1}{2}e^t$"").parsingMode(.onlyEquations)","LaTeX(""( 4e^t )"").parsingMode(.onlyEquations)","The displacement, $( x ),$ of a particle at time $( t )$ is given by the differential equation $( \frac{d^2x}{dt^2} + 2 \frac{dx}{dt} - 5x = 4e^t ).$ The particular integral $( x = )$",( -2e^t ),$\frac{1}{4}e^t$,$-\frac{1}{2}e^t$,( 4e^t ),cape_2_puremathematics_may_2025_1_39,cape_2_puremathematics_may_2025_1_39_a,cape_2_puremathematics_may_2025_1_39_b,cape_2_puremathematics_may_2025_1_39_c,cape_2_puremathematics_may_2025_1_39_d
cape,2,PureMathematics,May,2026,1,4,Complex Numbers and Calculus 2,Complex Numbers,1,B,\text{The modulus of the complex number } ( 6 + 3i ) \text{ is},-3,3 \sqrt{5},5 \sqrt{3},9 \sqrt{5},"LaTeX(""The modulus of the complex number $( 6 + 3i )$ is"").parsingMode(.onlyEquations)","LaTeX(""( 3 )"").parsingMode(.onlyEquations)","LaTeX(""$3 \\sqrt{5}$"").parsingMode(.onlyEquations)","LaTeX(""$5 \\sqrt{3}$"").parsingMode(.onlyEquations)","LaTeX(""$9 \\sqrt{5}$"").parsingMode(.onlyEquations)",The modulus of the complex number $( 6 + 3i )$ is,-3,$3 \sqrt{5}$,$5 \sqrt{3}$,$9 \sqrt{5}$,cape_2_puremathematics_may_2026_1_4,cape_2_puremathematics_may_2026_1_4_a,cape_2_puremathematics_may_2026_1_4_b,cape_2_puremathematics_may_2026_1_4_c,cape_2_puremathematics_may_2026_1_4_d
cape,2,PureMathematics,May,2026,1,9,Complex Numbers and Calculus 2,Integration 2,2,C,( \int \frac{1}{1+9x^2} dx ) \text{ is},\frac{1}{9} \tan^{(-$2)} x + c,\frac{1}{3} \tan^{(-$2)} 3x + c,\frac{1}{3} \tan^{(-$2)} \frac{x}{3} + c,\frac{1}{9} \tan^{(-$2)} 3x + c,"LaTeX(""$( \\int \\frac{1}{1+9x^2} dx )$ is"").parsingMode(.onlyEquations)","LaTeX(""$\\frac{1}{9} \\tan^{(-$2)} x + c$"").parsingMode(.onlyEquations)","LaTeX(""$\\frac{1}{3} \\tan^{(-$2)} 3x + c$"").parsingMode(.onlyEquations)","LaTeX(""$\\frac{1}{3} \\tan^{(-$2)} \\frac{x}{3} + c$"").parsingMode(.onlyEquations)","LaTeX(""$\\frac{1}{9} \\tan^{(-$2)} 3x + c$"").parsingMode(.onlyEquations)",$( \int \frac{1}{1+9x^2} dx )$ is,$\frac{1}{9} \tan^{(-$2)} x + c$,$\frac{1}{3} \tan^{(-$2)} 3x + c$,$\frac{1}{3} \tan^{(-$2)} \frac{x}{3} + c$,$\frac{1}{9} \tan^{(-$2)} 3x + c$,cape_2_puremathematics_may_2026_1_9,cape_2_puremathematics_may_2026_1_9_a,cape_2_puremathematics_may_2026_1_9_b,cape_2_puremathematics_may_2026_1_9_c,cape_2_puremathematics_may_2026_1_9_d
cape,2,PureMathematics,May,2026,1,11,Complex Numbers and Calculus 2,Integration 2,3,C,"\text{Given that } ( \cos 2x = 1 - 2 \sin^2 x ) \text{, } ( \int_0^{\pi} \sin^2 (\frac{x}{4}) dx ) \text{ is}",2 - \pi,\pi - 2,\frac{\pi}{2} - 1,1 - \frac{\pi}{2},"LaTeX(""Given that $( \\cos 2x = 1 - 2 \\sin^2 x )$, $( \\int_0^{\\pi} \\sin^2 (\\frac{x}{4}) dx )$ is"").parsingMode(.onlyEquations)","LaTeX(""$2 - \\pi$"").parsingMode(.onlyEquations)","LaTeX(""$\\pi - 2$"").parsingMode(.onlyEquations)","LaTeX(""$\\frac{\\pi}{2} - 1$"").parsingMode(.onlyEquations)","LaTeX(""$1 - \\frac{\\pi}{2}$"").parsingMode(.onlyEquations)","Given that $( \cos 2x = 1 - 2 \sin^2 x )$, $( \int_0^{\pi} \sin^2 (\frac{x}{4}) dx )$ is",$2 - \pi$,$\pi - 2$,$\frac{\pi}{2} - 1$,$1 - \frac{\pi}{2}$,cape_2_puremathematics_may_2026_1_11,cape_2_puremathematics_may_2026_1_11_a,cape_2_puremathematics_may_2026_1_11_b,cape_2_puremathematics_may_2026_1_11_c,cape_2_puremathematics_may_2026_1_11_d
cape,2,PureMathematics,May,2026,1,21,"Sequences, Series and Approximations",Series,3,D,\text{The sum } ( S_n ) \text{ in terms of } ( n ) \text{ for the series } ( \sum_{(r=1)}^n (r^3 + 2r - 3) ) \text{ is},n(n+1) + \frac{1}{4} - 3n,n(n+1) \left[ \frac{n(n+1)}{4} \right] + 3n,n(n+1) \left[ \frac{n(n+1)}{4} + 1 \right],n(n+1) \left[ \frac{n(n+1)}{4} + 1 \right] - 3n,"LaTeX(""The sum $( S_n )$ in terms of $( n )$ for the series $( \\sum_{(r=1)}^n (r^3 + 2r - 3) )$ is"").parsingMode(.onlyEquations)","LaTeX(""$n(n+1) + \\frac{1}{4} - 3n$"").parsingMode(.onlyEquations)","LaTeX(""$n(n+1) \\left[ \\frac{n(n+1)}{4} \\right] + 3n$"").parsingMode(.onlyEquations)","LaTeX(""$n(n+1) \\left[ \\frac{n(n+1)}{4} + 1 \\right]$"").parsingMode(.onlyEquations)","LaTeX(""$n(n+1) \\left[ \\frac{n(n+1)}{4} + 1 \\right] - 3n$"").parsingMode(.onlyEquations)",The sum $( S_n )$ in terms of $( n )$ for the series $( \sum_{(r=1)}^n (r^3 + 2r - 3) )$ is,$n(n+1) + \frac{1}{4} - 3n$,$n(n+1) \left[ \frac{n(n+1)}{4} \right] + 3n$,$n(n+1) \left[ \frac{n(n+1)}{4} + 1 \right]$,$n(n+1) \left[ \frac{n(n+1)}{4} + 1 \right] - 3n$,cape_2_puremathematics_may_2026_1_21,cape_2_puremathematics_may_2026_1_21_a,cape_2_puremathematics_may_2026_1_21_b,cape_2_puremathematics_may_2026_1_21_c,cape_2_puremathematics_may_2026_1_21_d
cape,2,PureMathematics,May,2026,1,22,"Sequences, Series and Approximations",Series,2,A,"\text{Which of the following series are arithmetic series?}
\text{I. } ( \sum_{(r=1)}^n (7 + 3r) )
\text{II. } ( \sum_{(r=1)}^n \log_{10} 3^{(r+1)} )
\text{III. } ( \sum_{(r=1)}^n \log_{10} (r+1) )",\text{I and II only},\text{I and III only},\text{II and III only},"\text{I, II and III}","LaTeX(""Which of the following series are arithmetic series?\nI. $( \\sum_{(r=1)}^n (7 + 3r) )$\nII. $( \\sum_{(r=1)}^n \\log_{10} 3^{(r+1)} )$\nIII. $( \\sum_{(r=1)}^n \\log_{10} (r+1) )$"").parsingMode(.onlyEquations)","LaTeX(""I and II only"").parsingMode(.onlyEquations)","LaTeX(""I and III only"").parsingMode(.onlyEquations)","LaTeX(""II and III only"").parsingMode(.onlyEquations)","LaTeX(""I, II and III"").parsingMode(.onlyEquations)","Which of the following series are arithmetic series?
I. $( \sum_{(r=1)}^n (7 + 3r) )$
II. $( \sum_{(r=1)}^n \log_{10} 3^{(r+1)} )$
III. $( \sum_{(r=1)}^n \log_{10} (r+1) )$",I and II only,I and III only,II and III only,"I, II and III",cape_2_puremathematics_may_2026_1_22,cape_2_puremathematics_may_2026_1_22_a,cape_2_puremathematics_may_2026_1_22_b,cape_2_puremathematics_may_2026_1_22_c,cape_2_puremathematics_may_2026_1_22_d
cape,2,PureMathematics,May,2026,1,45,Counting Matricies and Differential Equations,Differential Equations and Modelling,4,A,\text{The displacement x of a particle at time t is given by the differential equation is } ( \frac{d^2x}{dt^2} + 2 \frac{dx}{dt} - 5x = 4e^t ) \text{. A particular integral for the solution of this differential equation is},( x = -2e^t ),x = \frac{1}{4}e^t,x = \frac{1}{2}e^t,( x = 4e^t ),"LaTeX(""The displacement x of a particle at time t is given by the differential equation is $( \\frac{d^2x}{dt^2} + 2 \\frac{dx}{dt} - 5x = 4e^t )$. A particular integral for the solution of this differential equation is"").parsingMode(.onlyEquations)","LaTeX(""( x = -2e^t )"").parsingMode(.onlyEquations)","LaTeX(""$x = \\frac{1}{4}e^t$"").parsingMode(.onlyEquations)","LaTeX(""$x = \\frac{1}{2}e^t$"").parsingMode(.onlyEquations)","LaTeX(""( x = 4e^t )"").parsingMode(.onlyEquations)",The displacement x of a particle at time t is given by the differential equation is $( \frac{d^2x}{dt^2} + 2 \frac{dx}{dt} - 5x = 4e^t )$. A particular integral for the solution of this differential equation is,( x = -2e^t ),$x = \frac{1}{4}e^t$,$x = \frac{1}{2}e^t$,( x = 4e^t ),cape_2_puremathematics_may_2026_1_45,cape_2_puremathematics_may_2026_1_45_a,cape_2_puremathematics_may_2026_1_45_b,cape_2_puremathematics_may_2026_1_45_c,cape_2_puremathematics_may_2026_1_45_d
cape,1,MOB,May,2024,1,42,Business Finance and Financial Decision-Making,Investment Appraisal Methods,4,C,"\text{An investment costs }  \1000  \text{ and generates cash flow of }  \80  \text{ over an indefinite period.}
\text{The internal rate of return is}",4 \frac{1}{2}\%,6 \frac{1}{4}\%,8\%,12\%,"LaTeX(""An investment costs  $\\$1000$  and generates cash flow of  $\\$80$  over an indefinite period.\nThe internal rate of return is"").parsingMode(.onlyEquations)","LaTeX(""$4 \\frac{1}{2}\\%$"").parsingMode(.onlyEquations)","LaTeX(""$6 \\frac{1}{4}\\%$"").parsingMode(.onlyEquations)","LaTeX(""$8\\%$"").parsingMode(.onlyEquations)","LaTeX(""$12\\%$"").parsingMode(.onlyEquations)","An investment costs  $\$1000$  and generates cash flow of  $\$80$  over an indefinite period.
The internal rate of return is",$4 \frac{1}{2}\%$,$6 \frac{1}{4}\%$,$8\%$,$12\%$,cape_1_mob_may_2024_1_42,cape_1_mob_may_2024_1_42_a,cape_1_mob_may_2024_1_42_b,cape_1_mob_may_2024_1_42_c,cape_1_mob_may_2024_1_42_d
cape,1,AppliedMathematics,May,2019,1,19,Managing Uncertainty,Normal Distribution,3,D,"\text{If } ( Z \sim N(0, 1) ) \text{, then } ( P(-1 < Z < 2) ) \text{ is given by}",2(1 - \Phi(2)),\Phi(2) - \Phi(1),2 \Phi(2) - 1,\Phi(1) + \Phi(2) - 1,"LaTeX(""If $( Z \\sim N(0, 1) )$, then $( P(-1 < Z < 2) )$ is given by"").parsingMode(.onlyEquations)","LaTeX(""$2(1 - \\Phi(2))$"").parsingMode(.onlyEquations)","LaTeX(""$\\Phi(2) - \\Phi(1)$"").parsingMode(.onlyEquations)","LaTeX(""$2 \\Phi(2) - 1$"").parsingMode(.onlyEquations)","LaTeX(""$\\Phi(1) + \\Phi(2) - 1$"").parsingMode(.onlyEquations)","If $( Z \sim N(0, 1) )$, then $( P(-1 < Z < 2) )$ is given by",$2(1 - \Phi(2))$,$\Phi(2) - \Phi(1)$,$2 \Phi(2) - 1$,$\Phi(1) + \Phi(2) - 1$,cape_1_appliedmathematics_may_2019_1_19,cape_1_appliedmathematics_may_2019_1_19_a,cape_1_appliedmathematics_may_2019_1_19_b,cape_1_appliedmathematics_may_2019_1_19_c,cape_1_appliedmathematics_may_2019_1_19_d
cape,1,AppliedMathematics,May,2021,1,18,Managing Uncertainty,Normal Distribution,1,B,"\text{For a standard normal distribution curve, what approximate percentage of the area under the curve is covered by } ( \mu \pm 2 \sigma ) \text{?}",( 90\% ),( 95\% ),( 97.5\% ),( 99\% ),"LaTeX(""For a standard normal distribution curve, what approximate percentage of the area under the curve is covered by $( \\mu \\pm 2 \\sigma )$?"").parsingMode(.onlyEquations)","LaTeX(""( 90\\% )"").parsingMode(.onlyEquations)","LaTeX(""( 95\\% )"").parsingMode(.onlyEquations)","LaTeX(""( 97.5\\% )"").parsingMode(.onlyEquations)","LaTeX(""( 99\\% )"").parsingMode(.onlyEquations)","For a standard normal distribution curve, what approximate percentage of the area under the curve is covered by $( \mu \pm 2 \sigma )$?",( 90\% ),( 95\% ),( 97.5\% ),( 99\% ),cape_1_appliedmathematics_may_2021_1_18,cape_1_appliedmathematics_may_2021_1_18_a,cape_1_appliedmathematics_may_2021_1_18_b,cape_1_appliedmathematics_may_2021_1_18_c,cape_1_appliedmathematics_may_2021_1_18_d
cape,1,Physics,May,2020,1,14,"Mechanics, Waves and Properties of Matter",Motions,2,D,"\text{If } ( m ) \text{ is the mass of an object and } ( E ) \text{ its kinetic energy, then its linear momentum is}",m\sqrt{E},2 \sqrt{m}E,\sqrt{m}E,\sqrt{2mE},"LaTeX(""If $( m )$ is the mass of an object and $( E )$ its kinetic energy, then its linear momentum is"").parsingMode(.onlyEquations)","LaTeX(""$m\\sqrt{E}$"").parsingMode(.onlyEquations)","LaTeX(""$2 \\sqrt{m}E$"").parsingMode(.onlyEquations)","LaTeX(""$\\sqrt{m}E$"").parsingMode(.onlyEquations)","LaTeX(""$\\sqrt{2mE}$"").parsingMode(.onlyEquations)","If $( m )$ is the mass of an object and $( E )$ its kinetic energy, then its linear momentum is",$m\sqrt{E}$,$2 \sqrt{m}E$,$\sqrt{m}E$,$\sqrt{2mE}$,cape_1_physics_may_2020_1_14,cape_1_physics_may_2020_1_14_a,cape_1_physics_may_2020_1_14_b,cape_1_physics_may_2020_1_14_c,cape_1_physics_may_2020_1_14_d
cape,1,Physics,May,2020,1,27,Oscillations and Waves,Properties of Waves,2,A,"\text{Two progressive waves with a phase difference of } ( \pi ) \text{ undergo superposition. If each of these waves has an amplitude of } ( 5\text{ cm} ) \text{, what is their resulting amplitude?}",0\text{ cm},\frac{5}{\pi}\text{ cm},10\text{ cm},5 \pi\text{ cm},"LaTeX(""Two progressive waves with a phase difference of $( \\pi )$ undergo superposition. If each of these waves has an amplitude of $( 5$ cm$)$, what is their resulting amplitude?"").parsingMode(.onlyEquations)","LaTeX(""$0$ cm"").parsingMode(.onlyEquations)","LaTeX(""$\\frac{5}{\\pi}$ cm"").parsingMode(.onlyEquations)","LaTeX(""$10$ cm"").parsingMode(.onlyEquations)","LaTeX(""$5 \\pi$ cm"").parsingMode(.onlyEquations)","Two progressive waves with a phase difference of $( \pi )$ undergo superposition. If each of these waves has an amplitude of $( 5$ cm$)$, what is their resulting amplitude?",$0$ cm,$\frac{5}{\pi}$ cm,$10$ cm,$5 \pi$ cm,cape_1_physics_may_2020_1_27,cape_1_physics_may_2020_1_27_a,cape_1_physics_may_2020_1_27_b,cape_1_physics_may_2020_1_27_c,cape_1_physics_may_2020_1_27_d
cape,1,Physics,May,2022,1,24,Oscillations and Waves,Properties of Waves,3,B,"\text{For a pipe with open ends and length } ( l ) \text{, which of the following diagrams of stationary waves indicates that the length of the tube is } ( 1 \lambda ) \text{?}",\text{Graph (A)},\text{Graph (B)},\text{Graph (C)},\text{Graph (D)},"LaTeX(""For a pipe with open ends and length $( l )$, which of the following diagrams of stationary waves indicates that the length of the tube is $( 1 \\lambda )$?"").parsingMode(.onlyEquations)",N/A,N/A,N/A,N/A,"For a pipe with open ends and length $( l )$, which of the following diagrams of stationary waves indicates that the length of the tube is $( 1 \lambda )$?",N/A,N/A,N/A,N/A,cape_1_physics_may_2022_1_24,cape_1_physics_may_2022_1_24_a,cape_1_physics_may_2022_1_24_b,cape_1_physics_may_2022_1_24_c,cape_1_physics_may_2022_1_24_d
cape,1,Physics,May,2022,1,27,Oscillations and Waves,Properties of Waves,2,A,"\text{Two progressive waves with a phase difference of } ( \pi ) \text{ undergo superposition. If each of these waves has an amplitude of 5 cm, what is their resulting amplitude?}",0\text{ cm},\frac{5}{\pi}\text{ cm},10\text{ cm},5 \pi\text{ cm},"LaTeX(""Two progressive waves with a phase difference of $( \\pi )$ undergo superposition. If each of these waves has an amplitude of 5 cm, what is their resulting amplitude?"").parsingMode(.onlyEquations)","LaTeX(""$0$ cm"").parsingMode(.onlyEquations)","LaTeX(""$\\frac{5}{\\pi}$ cm"").parsingMode(.onlyEquations)","LaTeX(""$10$ cm"").parsingMode(.onlyEquations)","LaTeX(""$5 \\pi$ cm"").parsingMode(.onlyEquations)","Two progressive waves with a phase difference of $( \pi )$ undergo superposition. If each of these waves has an amplitude of 5 cm, what is their resulting amplitude?",$0$ cm,$\frac{5}{\pi}$ cm,$10$ cm,$5 \pi$ cm,cape_1_physics_may_2022_1_27,cape_1_physics_may_2022_1_27_a,cape_1_physics_may_2022_1_27_b,cape_1_physics_may_2022_1_27_c,cape_1_physics_may_2022_1_27_d
cape,1,Physics,May,2022,1,28,Oscillations and Waves,Properties of Waves,3,A,"\text{What is the phase difference between the two points, A and B, on the following graph?}",\frac{7 \pi}{2}\text{ radians},\frac{3 \pi}{4}\text{ radians},\frac{3 \pi}{2}\text{ radians},3 \pi\text{ radians},"LaTeX(""What is the phase difference between the two points, A and B, on the following graph?"").parsingMode(.onlyEquations)","LaTeX(""$\\frac{7 \\pi}{2}$ radians"").parsingMode(.onlyEquations)","LaTeX(""$\\frac{3 \\pi}{4}$ radians"").parsingMode(.onlyEquations)","LaTeX(""$\\frac{3 \\pi}{2}$ radians"").parsingMode(.onlyEquations)","LaTeX(""$3 \\pi$ radians"").parsingMode(.onlyEquations)","What is the phase difference between the two points, A and B, on the following graph?",$\frac{7 \pi}{2}$ radians,$\frac{3 \pi}{4}$ radians,$\frac{3 \pi}{2}$ radians,$3 \pi$ radians,cape_1_physics_may_2022_1_28,cape_1_physics_may_2022_1_28_a,cape_1_physics_may_2022_1_28_b,cape_1_physics_may_2022_1_28_c,cape_1_physics_may_2022_1_28_d
cape,2,Physics,May,2021,1,10,Electricity and Magnetism,Magnetic Fields,2,A,"\text{What is the magnetic flux density at the centre of a long solenoid, given that the number of turns per unit length is 12 turns per centimetre and the current passing is } ( 3 \text{ A} \text{?} )
\text{(Assume } ( \mu_o = 4 \pi \times 10^{-7} \text{ H m}^{-1} ) \text{.)}",144 \pi \times 10^{-5} \text{ T},1.44 \pi \times 10^{-5} \text{ T},144 \pi \text{ } \mu\text{T},144 \pi \text{ T},"LaTeX(""What is the magnetic flux density at the centre of a long solenoid, given that the number of turns per unit length is 12 turns per centimetre and the current passing is $( 3$ A?$)$\n(Assume $( \\mu_o = 4 \\pi \\times 10^{-7}$ H m$^{-1} )$.)"").parsingMode(.onlyEquations)","LaTeX(""$144 \\pi \\times 10^{-5}$ T"").parsingMode(.onlyEquations)","LaTeX(""$1.44 \\pi \\times 10^{-5}$ T"").parsingMode(.onlyEquations)","LaTeX(""$144 \\pi$ $\\mu$T"").parsingMode(.onlyEquations)","LaTeX(""$144 \\pi$ T"").parsingMode(.onlyEquations)","What is the magnetic flux density at the centre of a long solenoid, given that the number of turns per unit length is 12 turns per centimetre and the current passing is $( 3$ A?$)$
(Assume $( \mu_o = 4 \pi \times 10^{-7}$ H m$^{-1} )$.)",$144 \pi \times 10^{-5}$ T,$1.44 \pi \times 10^{-5}$ T,$144 \pi$ $\mu$T,$144 \pi$ T,cape_2_physics_may_2021_1_10,cape_2_physics_may_2021_1_10_a,cape_2_physics_may_2021_1_10_b,cape_2_physics_may_2021_1_10_c,cape_2_physics_may_2021_1_10_d
cape,1,Physics,May,2021,1,45,Thermal and Mechanical Properties of Matter,Mechanical Properties of Materials,3,A,\text{A } ( 5\text{-kg} ) \text{ mass hangs from a uniform steel wire and the resulting stress in the wire is } ( \sigma ) \text{. Hanging a } ( 10\text{-kg} ) \text{ mass from a steel wire of twice the diameter would result in a stress of},\frac{\sigma}{2},\sigma,2 \sigma,4 \sigma,"LaTeX(""A $( 5$-kg$)$ mass hangs from a uniform steel wire and the resulting stress in the wire is $( \\sigma )$. Hanging a $( 10$-kg$)$ mass from a steel wire of twice the diameter would result in a stress of"").parsingMode(.onlyEquations)","LaTeX(""$\\frac{\\sigma}{2}$"").parsingMode(.onlyEquations)","LaTeX(""$\\sigma$"").parsingMode(.onlyEquations)","LaTeX(""$2 \\sigma$"").parsingMode(.onlyEquations)","LaTeX(""$4 \\sigma$"").parsingMode(.onlyEquations)",A $( 5$-kg$)$ mass hangs from a uniform steel wire and the resulting stress in the wire is $( \sigma )$. Hanging a $( 10$-kg$)$ mass from a steel wire of twice the diameter would result in a stress of,$\frac{\sigma}{2}$,$\sigma$,$2 \sigma$,$4 \sigma$,cape_1_physics_may_2021_1_45,cape_1_physics_may_2021_1_45_a,cape_1_physics_may_2021_1_45_b,cape_1_physics_may_2021_1_45_c,cape_1_physics_may_2021_1_45_d
cape,2,Physics,May,2025,1,10,Electricity and Magnetism,Magnetic Fields,3,A,"\text{What is the magnetic flux density at the centre of a long solenoid, given that the number of turns per unit length is 12 turns per centimetre and the current passing through the solenoid is 3 A?}
\text{(Assume } ( \mu_o = 4 \pi \times 10^{-7} \text{ H m}^{-1} ) \text{.)}",144 \pi \times 10^{-5} \text{ T},1.44 \pi \times 10^{-5} \text{ T},144 \pi \text{ } \mu\text{T},144 \pi \text{ T},"LaTeX(""What is the magnetic flux density at the centre of a long solenoid, given that the number of turns per unit length is 12 turns per centimetre and the current passing through the solenoid is 3 A?\n(Assume $( \\mu_o = 4 \\pi \\times 10^{-7}$ H m$^{-1} )$.)"").parsingMode(.onlyEquations)","LaTeX(""$144 \\pi \\times 10^{-5}$ T"").parsingMode(.onlyEquations)","LaTeX(""$1.44 \\pi \\times 10^{-5}$ T"").parsingMode(.onlyEquations)","LaTeX(""$144 \\pi$ $\\mu$T"").parsingMode(.onlyEquations)","LaTeX(""$144 \\pi$ T"").parsingMode(.onlyEquations)","What is the magnetic flux density at the centre of a long solenoid, given that the number of turns per unit length is 12 turns per centimetre and the current passing through the solenoid is 3 A?
(Assume $( \mu_o = 4 \pi \times 10^{-7}$ H m$^{-1} )$.)",$144 \pi \times 10^{-5}$ T,$1.44 \pi \times 10^{-5}$ T,$144 \pi$ $\mu$T,$144 \pi$ T,cape_2_physics_may_2025_1_10,cape_2_physics_may_2025_1_10_a,cape_2_physics_may_2025_1_10_b,cape_2_physics_may_2025_1_10_c,cape_2_physics_may_2025_1_10_d
cape,2,Chemistry,May,2022,1,35,Industry and Environment,Aluminium,3,D,"\text{What is the product of the following (unbalanced) equation?}
( \text{Al}_2\text{O}_3 \cdot\text{H}_2\text{O (s)} + \text{H}_2\text{O (l)} + \text{OH}^-\text{ (aq)} \rightarrow )",\text{Al}_2\text{H}_2\text{O(l)},\text{Al(OH)}_3\text{(s)},\text{Al}_2(\text{OH})_6\text{(s)},\text{Al(OH)}_4^-\text{(aq)},"LaTeX(""What is the product of the following (unbalanced) equation?\n$($Al$_2$O$_3 \\cdot$H$_2$O (s)$+$H$_2$O (l)$+$OH$^-$ (aq)$\\rightarrow )$"").parsingMode(.onlyEquations)","LaTeX(""Al$_2$H$_2$O(l)"").parsingMode(.onlyEquations)","LaTeX(""Al(OH)$_3$(s)"").parsingMode(.onlyEquations)","LaTeX(""Al$_2($OH$)_6$(s)"").parsingMode(.onlyEquations)","LaTeX(""Al(OH)$_4^-$(aq)"").parsingMode(.onlyEquations)","What is the product of the following (unbalanced) equation?
$($Al$_2$O$_3 \cdot$H$_2$O (s)$+$H$_2$O (l)$+$OH$^-$ (aq)$\rightarrow )$",Al$_2$H$_2$O(l),Al(OH)$_3$(s),Al$_2($OH$)_6$(s),Al(OH)$_4^-$(aq),cape_2_chemistry_may_2022_1_35,cape_2_chemistry_may_2022_1_35_a,cape_2_chemistry_may_2022_1_35_b,cape_2_chemistry_may_2022_1_35_c,cape_2_chemistry_may_2022_1_35_d
cape,1,PureMathematics,May,2025,1,5,"Algebra, Geometry and Calculus",The Real Number System,2,C,3 \sqrt{20} - \sqrt{45} + \sqrt{80} \text{ can be simplified as},-\sqrt{5},\sqrt{5},7 \sqrt{5},13 \sqrt{5},"LaTeX(""$3 \\sqrt{20} - \\sqrt{45} + \\sqrt{80}$ can be simplified as"").parsingMode(.onlyEquations)","LaTeX(""$-\\sqrt{5}$"").parsingMode(.onlyEquations)","LaTeX(""$\\sqrt{5}$"").parsingMode(.onlyEquations)","LaTeX(""$7 \\sqrt{5}$"").parsingMode(.onlyEquations)","LaTeX(""$13 \\sqrt{5}$"").parsingMode(.onlyEquations)",$3 \sqrt{20} - \sqrt{45} + \sqrt{80}$ can be simplified as,$-\sqrt{5}$,$\sqrt{5}$,$7 \sqrt{5}$,$13 \sqrt{5}$,cape_1_puremathematics_may_2025_1_5,cape_1_puremathematics_may_2025_1_5_a,cape_1_puremathematics_may_2025_1_5_b,cape_1_puremathematics_may_2025_1_5_c,cape_1_puremathematics_may_2025_1_5_d
cape,1,PureMathematics,May,2025,1,6,"Algebra, Geometry and Calculus",Algebraic Operations,2,B,"\text{Using summation notation, the series}
  3 - 9 + 27 - 81 + \dots - 729 
 \text{may be represented by}",\sum_{(r=1)}^{6} (-1)^r 3^r,\sum_{(r=1)}^{6} (-1)^{r+1} 3^r,\sum_{(r=1)}^{6} (-1)^r 3^{r+1},\sum_{(r=1)}^{6} (-1)^{r+1} 3^{r+1},"LaTeX(""Using summation notation, the series\n$3 - 9 + 27 - 81 + \\dots - 729$\nmay be represented by"").parsingMode(.onlyEquations)","LaTeX(""$\\sum_{(r=1)}^{6} (-1)^r 3^r$"").parsingMode(.onlyEquations)","LaTeX(""$\\sum_{(r=1)}^{6} (-1)^{r+1} 3^r$"").parsingMode(.onlyEquations)","LaTeX(""$\\sum_{(r=1)}^{6} (-1)^r 3^{r+1}$"").parsingMode(.onlyEquations)","LaTeX(""$\\sum_{(r=1)}^{6} (-1)^{r+1} 3^{r+1}$"").parsingMode(.onlyEquations)","Using summation notation, the series
$3 - 9 + 27 - 81 + \dots - 729$
may be represented by",$\sum_{(r=1)}^{6} (-1)^r 3^r$,$\sum_{(r=1)}^{6} (-1)^{r+1} 3^r$,$\sum_{(r=1)}^{6} (-1)^r 3^{r+1}$,$\sum_{(r=1)}^{6} (-1)^{r+1} 3^{r+1}$,cape_1_puremathematics_may_2025_1_6,cape_1_puremathematics_may_2025_1_6_a,cape_1_puremathematics_may_2025_1_6_b,cape_1_puremathematics_may_2025_1_6_c,cape_1_puremathematics_may_2025_1_6_d
cape,1,PureMathematics,May,2025,1,19,"Trigonometry, Coordinate Geometry and Vectors","Trigonometric Functions, Identities and Equations",3,B,\frac{\sin^2 x - \cos^2 x}{\tan^2 x - 1} =,1,\cos^2 x,\frac{\cos x + \sin x}{\sin x},\frac{1 - 2 \sin^2 x}{\sec^2 x},"LaTeX(""$\\frac{\\sin^2 x - \\cos^2 x}{\\tan^2 x - 1} =$"").parsingMode(.onlyEquations)","LaTeX(""$1$"").parsingMode(.onlyEquations)","LaTeX(""$\\cos^2 x$"").parsingMode(.onlyEquations)","LaTeX(""$\\frac{\\cos x + \\sin x}{\\sin x}$"").parsingMode(.onlyEquations)","LaTeX(""$\\frac{1 - 2 \\sin^2 x}{\\sec^2 x}$"").parsingMode(.onlyEquations)",$\frac{\sin^2 x - \cos^2 x}{\tan^2 x - 1} =$,$1$,$\cos^2 x$,$\frac{\cos x + \sin x}{\sin x}$,$\frac{1 - 2 \sin^2 x}{\sec^2 x}$,cape_1_puremathematics_may_2025_1_19,cape_1_puremathematics_may_2025_1_19_a,cape_1_puremathematics_may_2025_1_19_b,cape_1_puremathematics_may_2025_1_19_c,cape_1_puremathematics_may_2025_1_19_d
cape,1,PureMathematics,May,2025,1,20,"Trigonometry, Coordinate Geometry and Vectors","Trigonometric Functions, Identities and Equations",4,B,"\text{The general solution for } \sin 2 \theta = \sin \frac{\pi}{6} \text{, where } n \in \mathbb{Z} \text{, is}",\theta = \begin{cases} 2n\pi + \frac{\pi}{6} \ (2n + 1)\frac{5 \pi}{16} \end{cases},\theta = \begin{cases} n\pi + \frac{\pi}{12} \ n\pi + \frac{5 \pi}{12} \end{cases},\theta = \begin{cases} n\pi + \frac{\pi}{12} \ (2n\pi) \frac{5 \pi}{12} \end{cases},\theta = \begin{cases} n\pi + \frac{\pi}{6} \ (n+1) \frac{5 \pi}{6} \end{cases},"LaTeX(""The general solution for $\\sin 2 \\theta = \\sin \\frac{\\pi}{6}$, where $n \\in \\mathbb{Z}$, is"").parsingMode(.onlyEquations)","LaTeX(""$\\theta = \\begin{cases} 2n\\pi + \\frac{\\pi}{6} \\ (2n + 1)\\frac{5 \\pi}{16} \\end{cases}$"").parsingMode(.onlyEquations)","LaTeX(""$\\theta = \\begin{cases} n\\pi + \\frac{\\pi}{12} \\ n\\pi + \\frac{5 \\pi}{12} \\end{cases}$"").parsingMode(.onlyEquations)","LaTeX(""$\\theta = \\begin{cases} n\\pi + \\frac{\\pi}{12} \\ (2n\\pi) \\frac{5 \\pi}{12} \\end{cases}$"").parsingMode(.onlyEquations)","LaTeX(""$\\theta = \\begin{cases} n\\pi + \\frac{\\pi}{6} \\ (n+1) \\frac{5 \\pi}{6} \\end{cases}$"").parsingMode(.onlyEquations)","The general solution for $\sin 2 \theta = \sin \frac{\pi}{6}$, where $n \in \mathbb{Z}$, is",$\theta = \begin{cases} 2n\pi + \frac{\pi}{6} \ (2n + 1)\frac{5 \pi}{16} \end{cases}$,$\theta = \begin{cases} n\pi + \frac{\pi}{12} \ n\pi + \frac{5 \pi}{12} \end{cases}$,$\theta = \begin{cases} n\pi + \frac{\pi}{12} \ (2n\pi) \frac{5 \pi}{12} \end{cases}$,$\theta = \begin{cases} n\pi + \frac{\pi}{6} \ (n+1) \frac{5 \pi}{6} \end{cases}$,cape_1_puremathematics_may_2025_1_20,cape_1_puremathematics_may_2025_1_20_a,cape_1_puremathematics_may_2025_1_20_b,cape_1_puremathematics_may_2025_1_20_c,cape_1_puremathematics_may_2025_1_20_d
cape,1,PureMathematics,May,2025,1,26,"Trigonometry, Coordinate Geometry and Vectors",Vectors,2,A,"\text{Given that the position vectors of the points P and Q are } \begin{pmatrix} 2 \ -1 \ 8 \end{pmatrix} \text{ and } \begin{pmatrix} -1 \ 4 \ 4 \end{pmatrix} \text{ respectively, the length of the vector PQ is}",5 \sqrt{2},3 \sqrt{2},4,3,"LaTeX(""Given that the position vectors of the points P and Q are $\\begin{pmatrix} 2 \\ -1 \\ 8 \\end{pmatrix}$ and $\\begin{pmatrix} -1 \\ 4 \\ 4 \\end{pmatrix}$ respectively, the length of the vector PQ is"").parsingMode(.onlyEquations)","LaTeX(""$5 \\sqrt{2}$"").parsingMode(.onlyEquations)","LaTeX(""$3 \\sqrt{2}$"").parsingMode(.onlyEquations)","LaTeX(""$4$"").parsingMode(.onlyEquations)","LaTeX(""$3$"").parsingMode(.onlyEquations)","Given that the position vectors of the points P and Q are $\begin{pmatrix} 2 \ -1 \ 8 \end{pmatrix}$ and $\begin{pmatrix} -1 \ 4 \ 4 \end{pmatrix}$ respectively, the length of the vector PQ is",$5 \sqrt{2}$,$3 \sqrt{2}$,$4$,$3$,cape_1_puremathematics_may_2025_1_26,cape_1_puremathematics_may_2025_1_26_a,cape_1_puremathematics_may_2025_1_26_b,cape_1_puremathematics_may_2025_1_26_c,cape_1_puremathematics_may_2025_1_26_d
cape,1,PureMathematics,May,2025,1,27,"Trigonometry, Coordinate Geometry and Vectors",Vectors,2,D,\text{The vector } \mathbf{u} \text{ has magnitude } 4 \sqrt{5} \text{ units and is parallel to the vector } \mathbf{v} = \mathbf{i} - 2\mathbf{j} \text{. A unit vector parallel to } \mathbf{u} \text{ is},\frac{\sqrt{5}}{20}(\mathbf{i} - 2\mathbf{j}),\frac{4}{\sqrt{5}}(\mathbf{i} - 2\mathbf{j}),4 \sqrt{5}(\mathbf{i} - 2\mathbf{j}),\frac{1}{\sqrt{5}}(\mathbf{i} - 2\mathbf{j}),"LaTeX(""The vector $\\mathbf{u}$ has magnitude $4 \\sqrt{5}$ units and is parallel to the vector $\\mathbf{v} = \\mathbf{i} - 2\\mathbf{j}$. A unit vector parallel to $\\mathbf{u}$ is"").parsingMode(.onlyEquations)","LaTeX(""$\\frac{\\sqrt{5}}{20}(\\mathbf{i} - 2\\mathbf{j})$"").parsingMode(.onlyEquations)","LaTeX(""$\\frac{4}{\\sqrt{5}}(\\mathbf{i} - 2\\mathbf{j})$"").parsingMode(.onlyEquations)","LaTeX(""$4 \\sqrt{5}(\\mathbf{i} - 2\\mathbf{j})$"").parsingMode(.onlyEquations)","LaTeX(""$\\frac{1}{\\sqrt{5}}(\\mathbf{i} - 2\\mathbf{j})$"").parsingMode(.onlyEquations)",The vector $\mathbf{u}$ has magnitude $4 \sqrt{5}$ units and is parallel to the vector $\mathbf{v} = \mathbf{i} - 2\mathbf{j}$. A unit vector parallel to $\mathbf{u}$ is,$\frac{\sqrt{5}}{20}(\mathbf{i} - 2\mathbf{j})$,$\frac{4}{\sqrt{5}}(\mathbf{i} - 2\mathbf{j})$,$4 \sqrt{5}(\mathbf{i} - 2\mathbf{j})$,$\frac{1}{\sqrt{5}}(\mathbf{i} - 2\mathbf{j})$,cape_1_puremathematics_may_2025_1_27,cape_1_puremathematics_may_2025_1_27_a,cape_1_puremathematics_may_2025_1_27_b,cape_1_puremathematics_may_2025_1_27_c,cape_1_puremathematics_may_2025_1_27_d
cape,1,PureMathematics,May,2025,1,35,Calculus 1,Limits,2,C,\lim_{(x \to 3)} \frac{x^2 - 9}{x - 3} \text{ is},-\infty,0,6,\infty,"LaTeX(""$\\lim_{(x \\to 3)} \\frac{x^2 - 9}{x - 3}$ is"").parsingMode(.onlyEquations)","LaTeX(""$-\\infty$"").parsingMode(.onlyEquations)","LaTeX(""0"").parsingMode(.onlyEquations)","LaTeX(""6"").parsingMode(.onlyEquations)","LaTeX(""$\\infty$"").parsingMode(.onlyEquations)",$\lim_{(x \to 3)} \frac{x^2 - 9}{x - 3}$ is,$-\infty$,0,6,$\infty$,cape_1_puremathematics_may_2025_1_35,cape_1_puremathematics_may_2025_1_35_a,cape_1_puremathematics_may_2025_1_35_b,cape_1_puremathematics_may_2025_1_35_c,cape_1_puremathematics_may_2025_1_35_d
cape,1,PureMathematics,May,2025,1,37,Calculus 1,Differentiation 1,3,A,"\text{Given that } y = (2x - 1)^4 , \frac{d^2y}{dx^2} =",48 \sqrt{y},24 \sqrt{y},16 \sqrt{y},8 \sqrt{y},"LaTeX(""Given that $y = (2x - 1)^4$, $\\frac{d^2y}{dx^2} =$"").parsingMode(.onlyEquations)","LaTeX(""$48 \\sqrt{y}$"").parsingMode(.onlyEquations)","LaTeX(""$24 \\sqrt{y}$"").parsingMode(.onlyEquations)","LaTeX(""$16 \\sqrt{y}$"").parsingMode(.onlyEquations)","LaTeX(""$8 \\sqrt{y}$"").parsingMode(.onlyEquations)","Given that $y = (2x - 1)^4$, $\frac{d^2y}{dx^2} =$",$48 \sqrt{y}$,$24 \sqrt{y}$,$16 \sqrt{y}$,$8 \sqrt{y}$,cape_1_puremathematics_may_2025_1_37,cape_1_puremathematics_may_2025_1_37_a,cape_1_puremathematics_may_2025_1_37_b,cape_1_puremathematics_may_2025_1_37_c,cape_1_puremathematics_may_2025_1_37_d
cape,1,PureMathematics,May,2025,1,43,Calculus 1,Integration 1,3,A,"\text{The volume of the solid generated when the region enclosed by the curve } y = x^2 \text{, the } y \text{-axis and the line } y = 4 \text{ is rotated 360}^\circ \text{ about the } y \text{-axis is}",8 \pi,16 \pi,32 \pi,64 \pi,"LaTeX(""The volume of the solid generated when the region enclosed by the curve $y = x^2$, the $y$-axis and the line $y = 4$ is rotated 360^\\circ about the $y$-axis is"").parsingMode(.onlyEquations)","LaTeX(""$8 \\pi$"").parsingMode(.onlyEquations)","LaTeX(""$16 \\pi$"").parsingMode(.onlyEquations)","LaTeX(""$32 \\pi$"").parsingMode(.onlyEquations)","LaTeX(""$64 \\pi$"").parsingMode(.onlyEquations)","The volume of the solid generated when the region enclosed by the curve $y = x^2$, the $y$-axis and the line $y = 4$ is rotated 360^\circ about the $y$-axis is",$8 \pi$,$16 \pi$,$32 \pi$,$64 \pi$,cape_1_puremathematics_may_2025_1_43,cape_1_puremathematics_may_2025_1_43_a,cape_1_puremathematics_may_2025_1_43_b,cape_1_puremathematics_may_2025_1_43_c,cape_1_puremathematics_may_2025_1_43_d
cape,1,PureMathematics,May,2024,1,1,"Algebra, Geometry and Calculus",Algebraic Operations,2,A,\frac{\sqrt{x}-\sqrt{y}}{\sqrt{x}+\sqrt{y}} \text{ may be expressed as},\frac{x+y-2 \sqrt{xy}}{x-y},\frac{x-y+2 \sqrt{xy}}{x+y},\frac{x+y}{x-y},\frac{x-y}{x+y},"LaTeX(""$\\frac{\\sqrt{x}-\\sqrt{y}}{\\sqrt{x}+\\sqrt{y}}$ may be expressed as"").parsingMode(.onlyEquations)","LaTeX(""$\\frac{x+y-2 \\sqrt{xy}}{x-y}$"").parsingMode(.onlyEquations)","LaTeX(""$\\frac{x-y+2 \\sqrt{xy}}{x+y}$"").parsingMode(.onlyEquations)","LaTeX(""$\\frac{x+y}{x-y}$"").parsingMode(.onlyEquations)","LaTeX(""$\\frac{x-y}{x+y}$"").parsingMode(.onlyEquations)",$\frac{\sqrt{x}-\sqrt{y}}{\sqrt{x}+\sqrt{y}}$ may be expressed as,$\frac{x+y-2 \sqrt{xy}}{x-y}$,$\frac{x-y+2 \sqrt{xy}}{x+y}$,$\frac{x+y}{x-y}$,$\frac{x-y}{x+y}$,cape_1_puremathematics_may_2024_1_1,cape_1_puremathematics_may_2024_1_1_a,cape_1_puremathematics_may_2024_1_1_b,cape_1_puremathematics_may_2024_1_1_c,cape_1_puremathematics_may_2024_1_1_d
cape,1,PureMathematics,May,2024,1,2,"Algebra, Geometry and Calculus",Algebraic Operations,2,B,"\text{Using summation notation, the series } 3 - 9 + 27 - 81 + \dots - 729 \text{ may be represented by}",\sum_{(r=1)}^{6} (-1)^r 3^r,\sum_{(r=1)}^{6} (-1)^{r+1} 3^r,\sum_{(r=1)}^{6} (-1)^r 3^{r-1},\sum_{(r=1)}^{6} (-1)^{r+1} 3^{r+1},"LaTeX(""Using summation notation, the series $3 - 9 + 27 - 81 + \\dots - 729$ may be represented by"").parsingMode(.onlyEquations)","LaTeX(""$\\sum_{(r=1)}^{6} (-1)^r 3^r$"").parsingMode(.onlyEquations)","LaTeX(""$\\sum_{(r=1)}^{6} (-1)^{r+1} 3^r$"").parsingMode(.onlyEquations)","LaTeX(""$\\sum_{(r=1)}^{6} (-1)^r 3^{r-1}$"").parsingMode(.onlyEquations)","LaTeX(""$\\sum_{(r=1)}^{6} (-1)^{r+1} 3^{r+1}$"").parsingMode(.onlyEquations)","Using summation notation, the series $3 - 9 + 27 - 81 + \dots - 729$ may be represented by",$\sum_{(r=1)}^{6} (-1)^r 3^r$,$\sum_{(r=1)}^{6} (-1)^{r+1} 3^r$,$\sum_{(r=1)}^{6} (-1)^r 3^{r-1}$,$\sum_{(r=1)}^{6} (-1)^{r+1} 3^{r+1}$,cape_1_puremathematics_may_2024_1_2,cape_1_puremathematics_may_2024_1_2_a,cape_1_puremathematics_may_2024_1_2_b,cape_1_puremathematics_may_2024_1_2_c,cape_1_puremathematics_may_2024_1_2_d
cape,1,PureMathematics,May,2024,1,26,"Trigonometry, Coordinate Geometry and Vectors","Trigonometric Functions, Identities and Equations",4,A,\text{The general solution of } \cos 2 \theta = \cos \frac{\pi}{3} \text{ is } \theta =,n\pi \pm \frac{\pi}{6},n\pi \pm \frac{\pi}{3},2n\pi \pm \frac{\pi}{6},n\pi \pm \frac{2 \pi}{3},"LaTeX(""The general solution of $\\cos 2 \\theta = \\cos \\frac{\\pi}{3}$ is $\\theta =$"").parsingMode(.onlyEquations)","LaTeX(""$n\\pi \\pm \\frac{\\pi}{6}$"").parsingMode(.onlyEquations)","LaTeX(""$n\\pi \\pm \\frac{\\pi}{3}$"").parsingMode(.onlyEquations)","LaTeX(""$2n\\pi \\pm \\frac{\\pi}{6}$"").parsingMode(.onlyEquations)","LaTeX(""$n\\pi \\pm \\frac{2 \\pi}{3}$"").parsingMode(.onlyEquations)",The general solution of $\cos 2 \theta = \cos \frac{\pi}{3}$ is $\theta =$,$n\pi \pm \frac{\pi}{6}$,$n\pi \pm \frac{\pi}{3}$,$2n\pi \pm \frac{\pi}{6}$,$n\pi \pm \frac{2 \pi}{3}$,cape_1_puremathematics_may_2024_1_26,cape_1_puremathematics_may_2024_1_26_a,cape_1_puremathematics_may_2024_1_26_b,cape_1_puremathematics_may_2024_1_26_c,cape_1_puremathematics_may_2024_1_26_d
cape,1,PureMathematics,May,2024,1,34,Calculus 1,Limits,2,B,\text{A dial on a plane preparing for landing registers the number } 200 + 5 \left\{ \frac{\sin h}{h} \right\} \text{ where } h \text{ is the height above the ground. Just as the plane lands the dial reads},200,205,200 + \frac{5 \pi}{2},200 + 5 \pi,"LaTeX(""A dial on a plane preparing for landing registers the number $200 + 5 \\left\\{ \\frac{\\sin h}{h} \\right\\}$ where $h$ is the height above the ground. Just as the plane lands the dial reads"").parsingMode(.onlyEquations)","LaTeX(""$200$"").parsingMode(.onlyEquations)","LaTeX(""$205$"").parsingMode(.onlyEquations)","LaTeX(""$200 + \\frac{5 \\pi}{2}$"").parsingMode(.onlyEquations)","LaTeX(""$200 + 5 \\pi$"").parsingMode(.onlyEquations)",A dial on a plane preparing for landing registers the number $200 + 5 \left\{ \frac{\sin h}{h} \right\}$ where $h$ is the height above the ground. Just as the plane lands the dial reads,$200$,$205$,$200 + \frac{5 \pi}{2}$,$200 + 5 \pi$,cape_1_puremathematics_may_2024_1_34,cape_1_puremathematics_may_2024_1_34_a,cape_1_puremathematics_may_2024_1_34_b,cape_1_puremathematics_may_2024_1_34_c,cape_1_puremathematics_may_2024_1_34_d
cape,1,PureMathematics,May,2024,1,36,Calculus 1,Limits,2,C,\lim_{(x \to 0)} \frac{\sin 3x}{2x} =,0,\frac{2}{3},\frac{3}{2},\infty,"LaTeX(""$\\lim_{(x \\to 0)} \\frac{\\sin 3x}{2x} =$"").parsingMode(.onlyEquations)","LaTeX(""$0$"").parsingMode(.onlyEquations)","LaTeX(""$\\frac{2}{3}$"").parsingMode(.onlyEquations)","LaTeX(""$\\frac{3}{2}$"").parsingMode(.onlyEquations)","LaTeX(""$\\infty$"").parsingMode(.onlyEquations)",$\lim_{(x \to 0)} \frac{\sin 3x}{2x} =$,$0$,$\frac{2}{3}$,$\frac{3}{2}$,$\infty$,cape_1_puremathematics_may_2024_1_36,cape_1_puremathematics_may_2024_1_36_a,cape_1_puremathematics_may_2024_1_36_b,cape_1_puremathematics_may_2024_1_36_c,cape_1_puremathematics_may_2024_1_36_d
cape,1,PureMathematics,May,2024,1,43,Calculus 1,Integration 1,3,D,"\text{The portion of the curve } y = 2x \text{ between } x = a \text{ and } x = b \text{ is rotated } 360^\circ \, (2 \pi \, \text{radians}) \text{ about the } x \text{-axis. The volume, } v \text{, of the solid generated is BEST represented as}","v = \frac{1}{4} \int_{a}^{b} \pi y^2 \, dy","v = \frac{1}{4} \int_{a}^{b} \pi y^2 \, dx","v = 4 \int_{a}^{b} \pi x^2 \, dy","v = 4 \int_{a}^{b} \pi x^2 \, dx","LaTeX(""The portion of the curve $y = 2x$ between $x = a$ and $x = b$ is rotated $360^\\circ \\, (2 \\pi \\,$radians$)$ about the $x$-axis. The volume, $v$, of the solid generated is BEST represented as"").parsingMode(.onlyEquations)","LaTeX(""$v = \\frac{1}{4} \\int_{a}^{b} \\pi y^2 \\, dy$"").parsingMode(.onlyEquations)","LaTeX(""$v = \\frac{1}{4} \\int_{a}^{b} \\pi y^2 \\, dx$"").parsingMode(.onlyEquations)","LaTeX(""$v = 4 \\int_{a}^{b} \\pi x^2 \\, dy$"").parsingMode(.onlyEquations)","LaTeX(""$v = 4 \\int_{a}^{b} \\pi x^2 \\, dx$"").parsingMode(.onlyEquations)","The portion of the curve $y = 2x$ between $x = a$ and $x = b$ is rotated $360^\circ \, (2 \pi \,$radians$)$ about the $x$-axis. The volume, $v$, of the solid generated is BEST represented as","$v = \frac{1}{4} \int_{a}^{b} \pi y^2 \, dy$","$v = \frac{1}{4} \int_{a}^{b} \pi y^2 \, dx$","$v = 4 \int_{a}^{b} \pi x^2 \, dy$","$v = 4 \int_{a}^{b} \pi x^2 \, dx$",cape_1_puremathematics_may_2024_1_43,cape_1_puremathematics_may_2024_1_43_a,cape_1_puremathematics_may_2024_1_43_b,cape_1_puremathematics_may_2024_1_43_c,cape_1_puremathematics_may_2024_1_43_d
cape,1,PureMathematics,May,2023,1,3,"Algebra, Geometry and Calculus",The Real Number System,2,D,\frac{\sqrt{x}-\sqrt{y}}{\sqrt{x}+\sqrt{y}} \text{ may be expressed as},\frac{x+y}{x-y},\frac{x-y}{x+y},f(x) = 3 - x^2,\frac{x+y-2 \sqrt{xy}}{x-y},"LaTeX(""$\\frac{\\sqrt{x}-\\sqrt{y}}{\\sqrt{x}+\\sqrt{y}}$ may be expressed as"").parsingMode(.onlyEquations)","LaTeX(""$\\frac{x+y}{x-y}$"").parsingMode(.onlyEquations)","LaTeX(""$\\frac{x-y}{x+y}$"").parsingMode(.onlyEquations)","LaTeX(""$f(x) = 3 - x^2$"").parsingMode(.onlyEquations)","LaTeX(""$\\frac{x+y-2 \\sqrt{xy}}{x-y}$"").parsingMode(.onlyEquations)",$\frac{\sqrt{x}-\sqrt{y}}{\sqrt{x}+\sqrt{y}}$ may be expressed as,$\frac{x+y}{x-y}$,$\frac{x-y}{x+y}$,$f(x) = 3 - x^2$,$\frac{x+y-2 \sqrt{xy}}{x-y}$,cape_1_puremathematics_may_2023_1_3,cape_1_puremathematics_may_2023_1_3_a,cape_1_puremathematics_may_2023_1_3_b,cape_1_puremathematics_may_2023_1_3_c,cape_1_puremathematics_may_2023_1_3_d
cape,1,PureMathematics,May,2023,1,6,"Algebra, Geometry and Calculus",Algebraic Operations,3,A,"P(x) = x^2 - hx - 12h^2 \text{ and } P(\alpha) = 0 \text{. What are the values of } h \text{, in terms of } \alpha \text{?}","-\frac{\alpha}{3}, \frac{\alpha}{4}","-3 \alpha, 4 \alpha","\frac{\alpha}{3}, \frac{\alpha}{4}","\alpha, 4 \alpha","LaTeX(""$P(x) = x^2 - hx - 12h^2$ and $P(\\alpha) = 0$. What are the values of $h$, in terms of $\\alpha$?"").parsingMode(.onlyEquations)","LaTeX(""$-\\frac{\\alpha}{3}, \\frac{\\alpha}{4}$"").parsingMode(.onlyEquations)","LaTeX(""$-3 \\alpha, 4 \\alpha$"").parsingMode(.onlyEquations)","LaTeX(""$\\frac{\\alpha}{3}, \\frac{\\alpha}{4}$"").parsingMode(.onlyEquations)","LaTeX(""$\\alpha, 4 \\alpha$"").parsingMode(.onlyEquations)","$P(x) = x^2 - hx - 12h^2$ and $P(\alpha) = 0$. What are the values of $h$, in terms of $\alpha$?","$-\frac{\alpha}{3}, \frac{\alpha}{4}$","$-3 \alpha, 4 \alpha$","$\frac{\alpha}{3}, \frac{\alpha}{4}$","$\alpha, 4 \alpha$",cape_1_puremathematics_may_2023_1_6,cape_1_puremathematics_may_2023_1_6_a,cape_1_puremathematics_may_2023_1_6_b,cape_1_puremathematics_may_2023_1_6_c,cape_1_puremathematics_may_2023_1_6_d
cape,1,PureMathematics,May,2023,1,25,"Trigonometry, Coordinate Geometry and Vectors","Trigonometric Functions, Identities and Equations",2,A,"\text{Expressed as the product of two trigonometric functions, } \sin \theta + \sin 3 \theta =",2 \sin 2 \theta \cos \theta,2 \sin \theta \cos 2 \theta,-2 \sin \theta \cos 2 \theta,-2 \sin 2 \theta \cos \theta,"LaTeX(""Expressed as the product of two trigonometric functions, $\\sin \\theta + \\sin 3 \\theta =$"").parsingMode(.onlyEquations)","LaTeX(""$2 \\sin 2 \\theta \\cos \\theta$"").parsingMode(.onlyEquations)","LaTeX(""$2 \\sin \\theta \\cos 2 \\theta$"").parsingMode(.onlyEquations)","LaTeX(""$-2 \\sin \\theta \\cos 2 \\theta$"").parsingMode(.onlyEquations)","LaTeX(""$-2 \\sin 2 \\theta \\cos \\theta$"").parsingMode(.onlyEquations)","Expressed as the product of two trigonometric functions, $\sin \theta + \sin 3 \theta =$",$2 \sin 2 \theta \cos \theta$,$2 \sin \theta \cos 2 \theta$,$-2 \sin \theta \cos 2 \theta$,$-2 \sin 2 \theta \cos \theta$,cape_1_puremathematics_may_2023_1_25,cape_1_puremathematics_may_2023_1_25_a,cape_1_puremathematics_may_2023_1_25_b,cape_1_puremathematics_may_2023_1_25_c,cape_1_puremathematics_may_2023_1_25_d
cape,1,PureMathematics,May,2023,1,27,"Trigonometry, Coordinate Geometry and Vectors",Vectors,2,D,\text{The vector } \mathbf{u} \text{ has magnitude } 4 \sqrt{5} \text{ units and is parallel to the vector } \mathbf{v} = \mathbf{i} - 2\mathbf{j} \text{. A unit vector parallel to } \mathbf{u} \text{ is},\frac{\sqrt{5}}{20}(\mathbf{i} - 2\mathbf{j}),\frac{4}{\sqrt{5}}(\mathbf{i} - 2\mathbf{j}),4 \sqrt{5}(\mathbf{i} - 2\mathbf{j}),\frac{1}{\sqrt{5}}(\mathbf{i} - 2\mathbf{j}),"LaTeX(""The vector $\\mathbf{u}$ has magnitude $4 \\sqrt{5}$ units and is parallel to the vector $\\mathbf{v} = \\mathbf{i} - 2\\mathbf{j}$. A unit vector parallel to $\\mathbf{u}$ is"").parsingMode(.onlyEquations)","LaTeX(""$\\frac{\\sqrt{5}}{20}(\\mathbf{i} - 2\\mathbf{j})$"").parsingMode(.onlyEquations)","LaTeX(""$\\frac{4}{\\sqrt{5}}(\\mathbf{i} - 2\\mathbf{j})$"").parsingMode(.onlyEquations)","LaTeX(""$4 \\sqrt{5}(\\mathbf{i} - 2\\mathbf{j})$"").parsingMode(.onlyEquations)","LaTeX(""$\\frac{1}{\\sqrt{5}}(\\mathbf{i} - 2\\mathbf{j})$"").parsingMode(.onlyEquations)",The vector $\mathbf{u}$ has magnitude $4 \sqrt{5}$ units and is parallel to the vector $\mathbf{v} = \mathbf{i} - 2\mathbf{j}$. A unit vector parallel to $\mathbf{u}$ is,$\frac{\sqrt{5}}{20}(\mathbf{i} - 2\mathbf{j})$,$\frac{4}{\sqrt{5}}(\mathbf{i} - 2\mathbf{j})$,$4 \sqrt{5}(\mathbf{i} - 2\mathbf{j})$,$\frac{1}{\sqrt{5}}(\mathbf{i} - 2\mathbf{j})$,cape_1_puremathematics_may_2023_1_27,cape_1_puremathematics_may_2023_1_27_a,cape_1_puremathematics_may_2023_1_27_b,cape_1_puremathematics_may_2023_1_27_c,cape_1_puremathematics_may_2023_1_27_d
cape,1,PureMathematics,May,2023,1,30,"Trigonometry, Coordinate Geometry and Vectors",Vectors,1,B,"\text{Given that the position vectors of the points P and Q are } \begin{pmatrix} 2 \ -1 \ 8 \end{pmatrix} \text{ and } \begin{pmatrix} -1 \ 4 \ 4 \end{pmatrix} \text{ respectively, then the length of the vector PQ is}",3 \sqrt{2},5 \sqrt{2},4,3,"LaTeX(""Given that the position vectors of the points P and Q are $\\begin{pmatrix} 2 \\ -1 \\ 8 \\end{pmatrix}$ and $\\begin{pmatrix} -1 \\ 4 \\ 4 \\end{pmatrix}$ respectively, then the length of the vector PQ is"").parsingMode(.onlyEquations)","LaTeX(""$3 \\sqrt{2}$"").parsingMode(.onlyEquations)","LaTeX(""$5 \\sqrt{2}$"").parsingMode(.onlyEquations)","LaTeX(""$4$"").parsingMode(.onlyEquations)","LaTeX(""$3$"").parsingMode(.onlyEquations)","Given that the position vectors of the points P and Q are $\begin{pmatrix} 2 \ -1 \ 8 \end{pmatrix}$ and $\begin{pmatrix} -1 \ 4 \ 4 \end{pmatrix}$ respectively, then the length of the vector PQ is",$3 \sqrt{2}$,$5 \sqrt{2}$,$4$,$3$,cape_1_puremathematics_may_2023_1_30,cape_1_puremathematics_may_2023_1_30_a,cape_1_puremathematics_may_2023_1_30_b,cape_1_puremathematics_may_2023_1_30_c,cape_1_puremathematics_may_2023_1_30_d
cape,1,PureMathematics,May,2023,1,35,Calculus 1,Limits,1,C,\lim_{(x \to 3)} \frac{x^2 - 9}{x - 3} \text{ is},-\infty,0,6,\infty,"LaTeX(""$\\lim_{(x \\to 3)} \\frac{x^2 - 9}{x - 3}$ is"").parsingMode(.onlyEquations)","LaTeX(""$-\\infty$"").parsingMode(.onlyEquations)","LaTeX(""0"").parsingMode(.onlyEquations)","LaTeX(""6"").parsingMode(.onlyEquations)","LaTeX(""$\\infty$"").parsingMode(.onlyEquations)",$\lim_{(x \to 3)} \frac{x^2 - 9}{x - 3}$ is,$-\infty$,0,6,$\infty$,cape_1_puremathematics_may_2023_1_35,cape_1_puremathematics_may_2023_1_35_a,cape_1_puremathematics_may_2023_1_35_b,cape_1_puremathematics_may_2023_1_35_c,cape_1_puremathematics_may_2023_1_35_d
cape,1,PureMathematics,May,2023,1,43,Calculus 1,Integration 1,2,D,"\text{The portion of the curve } y = 2x \text{ between } x = a \text{ and } x = b \text{ is rotated } 360^\circ \, (2 \pi \, \text{radians}) \text{ about the } x \text{-axis. The volume, } v \text{, of the solid generated is BEST represented as}","v = \frac{1}{4} \int_{a}^{b} \pi y^2 \, dy","v = \frac{1}{4} \int_{a}^{b} \pi y^2 \, dx","v = 4 \int_{a}^{b} \pi x^2 \, dy","v = 4 \int_{a}^{b} \pi x^2 \, dx","LaTeX(""The portion of the curve $y = 2x$ between $x = a$ and $x = b$ is rotated $360^\\circ \\, (2 \\pi \\,$radians$)$ about the $x$-axis. The volume, $v$, of the solid generated is BEST represented as"").parsingMode(.onlyEquations)","LaTeX(""$v = \\frac{1}{4} \\int_{a}^{b} \\pi y^2 \\, dy$"").parsingMode(.onlyEquations)","LaTeX(""$v = \\frac{1}{4} \\int_{a}^{b} \\pi y^2 \\, dx$"").parsingMode(.onlyEquations)","LaTeX(""$v = 4 \\int_{a}^{b} \\pi x^2 \\, dy$"").parsingMode(.onlyEquations)","LaTeX(""$v = 4 \\int_{a}^{b} \\pi x^2 \\, dx$"").parsingMode(.onlyEquations)","The portion of the curve $y = 2x$ between $x = a$ and $x = b$ is rotated $360^\circ \, (2 \pi \,$radians$)$ about the $x$-axis. The volume, $v$, of the solid generated is BEST represented as","$v = \frac{1}{4} \int_{a}^{b} \pi y^2 \, dy$","$v = \frac{1}{4} \int_{a}^{b} \pi y^2 \, dx$","$v = 4 \int_{a}^{b} \pi x^2 \, dy$","$v = 4 \int_{a}^{b} \pi x^2 \, dx$",cape_1_puremathematics_may_2023_1_43,cape_1_puremathematics_may_2023_1_43_a,cape_1_puremathematics_may_2023_1_43_b,cape_1_puremathematics_may_2023_1_43_c,cape_1_puremathematics_may_2023_1_43_d
cape,1,PureMathematics,May,2023,1,44,Calculus 1,Differentiation 1,3,B,"\text{The radius of a circle is increasing at a rate of } 0.1\,\text{cm}\,\text{s}^{-1} \text{. At the instant when the radius is 3 cm, the rate of increase of the area, in } \text{cm}^2\,\text{s}^{-1} \text{, is}",\frac{2}{5}\pi,\frac{3}{5}\pi,2 \pi,4 \pi,"LaTeX(""The radius of a circle is increasing at a rate of $0.1\\,$cm$\\,$s$^{-1}$. At the instant when the radius is 3 cm, the rate of increase of the area, in cm$^2\\,$s$^{-1}$, is"").parsingMode(.onlyEquations)","LaTeX(""$\\frac{2}{5}\\pi$"").parsingMode(.onlyEquations)","LaTeX(""$\\frac{3}{5}\\pi$"").parsingMode(.onlyEquations)","LaTeX(""$2 \\pi$"").parsingMode(.onlyEquations)","LaTeX(""$4 \\pi$"").parsingMode(.onlyEquations)","The radius of a circle is increasing at a rate of $0.1\,$cm$\,$s$^{-1}$. At the instant when the radius is 3 cm, the rate of increase of the area, in cm$^2\,$s$^{-1}$, is",$\frac{2}{5}\pi$,$\frac{3}{5}\pi$,$2 \pi$,$4 \pi$,cape_1_puremathematics_may_2023_1_44,cape_1_puremathematics_may_2023_1_44_a,cape_1_puremathematics_may_2023_1_44_b,cape_1_puremathematics_may_2023_1_44_c,cape_1_puremathematics_may_2023_1_44_d
cape,1,PureMathematics,May,2022,1,1,"Algebra, Geometry and Calculus",Algebraic Operations,2,A,\frac{\sqrt{x} - \sqrt{y}}{\sqrt{x} + \sqrt{y}} \text{ may be expressed as},\frac{x + y - 2 \sqrt{xy}}{x - y},\frac{x - y + 2 \sqrt{xy}}{x + y},\frac{x + y}{x - y},\frac{x - y}{x + y},"LaTeX(""$\\frac{\\sqrt{x} - \\sqrt{y}}{\\sqrt{x} + \\sqrt{y}}$ may be expressed as"").parsingMode(.onlyEquations)","LaTeX(""$\\frac{x + y - 2 \\sqrt{xy}}{x - y}$"").parsingMode(.onlyEquations)","LaTeX(""$\\frac{x - y + 2 \\sqrt{xy}}{x + y}$"").parsingMode(.onlyEquations)","LaTeX(""$\\frac{x + y}{x - y}$"").parsingMode(.onlyEquations)","LaTeX(""$\\frac{x - y}{x + y}$"").parsingMode(.onlyEquations)",$\frac{\sqrt{x} - \sqrt{y}}{\sqrt{x} + \sqrt{y}}$ may be expressed as,$\frac{x + y - 2 \sqrt{xy}}{x - y}$,$\frac{x - y + 2 \sqrt{xy}}{x + y}$,$\frac{x + y}{x - y}$,$\frac{x - y}{x + y}$,cape_1_puremathematics_may_2022_1_1,cape_1_puremathematics_may_2022_1_1_a,cape_1_puremathematics_may_2022_1_1_b,cape_1_puremathematics_may_2022_1_1_c,cape_1_puremathematics_may_2022_1_1_d
cape,1,PureMathematics,May,2022,1,4,"Algebra, Geometry and Calculus",Algebraic Operations,2,C,3 \sqrt{20} - \sqrt{45} + \sqrt{80} \text{ can be simplified as},-\sqrt{5},\sqrt{5},7 \sqrt{5},13 \sqrt{5},"LaTeX(""$3 \\sqrt{20} - \\sqrt{45} + \\sqrt{80}$ can be simplified as"").parsingMode(.onlyEquations)","LaTeX(""$-\\sqrt{5}$"").parsingMode(.onlyEquations)","LaTeX(""$\\sqrt{5}$"").parsingMode(.onlyEquations)","LaTeX(""$7 \\sqrt{5}$"").parsingMode(.onlyEquations)","LaTeX(""$13 \\sqrt{5}$"").parsingMode(.onlyEquations)",$3 \sqrt{20} - \sqrt{45} + \sqrt{80}$ can be simplified as,$-\sqrt{5}$,$\sqrt{5}$,$7 \sqrt{5}$,$13 \sqrt{5}$,cape_1_puremathematics_may_2022_1_4,cape_1_puremathematics_may_2022_1_4_a,cape_1_puremathematics_may_2022_1_4_b,cape_1_puremathematics_may_2022_1_4_c,cape_1_puremathematics_may_2022_1_4_d
cape,1,PureMathematics,May,2022,1,8,"Algebra, Geometry and Calculus",Algebraic Operations,2,A,"P(x) = x^2 - hx - 12h^2 \text{ and } P(\alpha) = 0 \text{. What are the values of } h \text{, in terms of } \alpha \text{?}","-\frac{\alpha}{3}, \frac{\alpha}{4}","-3 \alpha, 4 \alpha","\frac{\alpha}{3}, \frac{\alpha}{4}","\alpha, 4 \alpha","LaTeX(""$P(x) = x^2 - hx - 12h^2$ and $P(\\alpha) = 0$. What are the values of $h$, in terms of $\\alpha$?"").parsingMode(.onlyEquations)","LaTeX(""$-\\frac{\\alpha}{3}, \\frac{\\alpha}{4}$"").parsingMode(.onlyEquations)","LaTeX(""$-3 \\alpha, 4 \\alpha$"").parsingMode(.onlyEquations)","LaTeX(""$\\frac{\\alpha}{3}, \\frac{\\alpha}{4}$"").parsingMode(.onlyEquations)","LaTeX(""$\\alpha, 4 \\alpha$"").parsingMode(.onlyEquations)","$P(x) = x^2 - hx - 12h^2$ and $P(\alpha) = 0$. What are the values of $h$, in terms of $\alpha$?","$-\frac{\alpha}{3}, \frac{\alpha}{4}$","$-3 \alpha, 4 \alpha$","$\frac{\alpha}{3}, \frac{\alpha}{4}$","$\alpha, 4 \alpha$",cape_1_puremathematics_may_2022_1_8,cape_1_puremathematics_may_2022_1_8_a,cape_1_puremathematics_may_2022_1_8_b,cape_1_puremathematics_may_2022_1_8_c,cape_1_puremathematics_may_2022_1_8_d
cape,1,PureMathematics,May,2022,1,21,"Trigonometry, Coordinate Geometry and Vectors",Vectors,2,B,"\text{Given that the position vectors of the points P and Q are } \begin{pmatrix} 2 \ -1 \ 8 \end{pmatrix} \text{ and } \begin{pmatrix} -1 \ 4 \ 4 \end{pmatrix} \text{ respectively, the length of the vector PQ is}",3 \sqrt{2},5 \sqrt{2},4,3,"LaTeX(""Given that the position vectors of the points P and Q are $\\begin{pmatrix} 2 \\ -1 \\ 8 \\end{pmatrix}$ and $\\begin{pmatrix} -1 \\ 4 \\ 4 \\end{pmatrix}$ respectively, the length of the vector PQ is"").parsingMode(.onlyEquations)","LaTeX(""$3 \\sqrt{2}$"").parsingMode(.onlyEquations)","LaTeX(""$5 \\sqrt{2}$"").parsingMode(.onlyEquations)","LaTeX(""4"").parsingMode(.onlyEquations)","LaTeX(""3"").parsingMode(.onlyEquations)","Given that the position vectors of the points P and Q are $\begin{pmatrix} 2 \ -1 \ 8 \end{pmatrix}$ and $\begin{pmatrix} -1 \ 4 \ 4 \end{pmatrix}$ respectively, the length of the vector PQ is",$3 \sqrt{2}$,$5 \sqrt{2}$,4,3,cape_1_puremathematics_may_2022_1_21,cape_1_puremathematics_may_2022_1_21_a,cape_1_puremathematics_may_2022_1_21_b,cape_1_puremathematics_may_2022_1_21_c,cape_1_puremathematics_may_2022_1_21_d
cape,1,PureMathematics,May,2022,1,24,"Trigonometry, Coordinate Geometry and Vectors",Vectors,2,D,\text{The vector } \mathbf{u} \text{ has magnitude } 4 \sqrt{5} \text{ units and is parallel to the vector } \mathbf{v} = \mathbf{i} - 2\mathbf{j} \text{. A unit vector parallel to } \mathbf{u} \text{ is},\frac{\sqrt{5}}{20}(\mathbf{i} - 2\mathbf{j}),\frac{4}{\sqrt{5}}(\mathbf{i} - 2\mathbf{j}),4 \sqrt{5}(\mathbf{i} - 2\mathbf{j}),\frac{1}{\sqrt{5}}(\mathbf{i} - 2\mathbf{j}),"LaTeX(""The vector $\\mathbf{u}$ has magnitude $4 \\sqrt{5}$ units and is parallel to the vector $\\mathbf{v} = \\mathbf{i} - 2\\mathbf{j}$. A unit vector parallel to $\\mathbf{u}$ is"").parsingMode(.onlyEquations)","LaTeX(""$\\frac{\\sqrt{5}}{20}(\\mathbf{i} - 2\\mathbf{j})$"").parsingMode(.onlyEquations)","LaTeX(""$\\frac{4}{\\sqrt{5}}(\\mathbf{i} - 2\\mathbf{j})$"").parsingMode(.onlyEquations)","LaTeX(""$4 \\sqrt{5}(\\mathbf{i} - 2\\mathbf{j})$"").parsingMode(.onlyEquations)","LaTeX(""$\\frac{1}{\\sqrt{5}}(\\mathbf{i} - 2\\mathbf{j})$"").parsingMode(.onlyEquations)",The vector $\mathbf{u}$ has magnitude $4 \sqrt{5}$ units and is parallel to the vector $\mathbf{v} = \mathbf{i} - 2\mathbf{j}$. A unit vector parallel to $\mathbf{u}$ is,$\frac{\sqrt{5}}{20}(\mathbf{i} - 2\mathbf{j})$,$\frac{4}{\sqrt{5}}(\mathbf{i} - 2\mathbf{j})$,$4 \sqrt{5}(\mathbf{i} - 2\mathbf{j})$,$\frac{1}{\sqrt{5}}(\mathbf{i} - 2\mathbf{j})$,cape_1_puremathematics_may_2022_1_24,cape_1_puremathematics_may_2022_1_24_a,cape_1_puremathematics_may_2022_1_24_b,cape_1_puremathematics_may_2022_1_24_c,cape_1_puremathematics_may_2022_1_24_d
cape,1,PureMathematics,May,2022,1,31,Calculus 1,Differentiation 1,2,D,"\text{Given that } y = (2x - 1)^4, \frac{d^2y}{dx^2} =",8 \sqrt{y},16 \sqrt{y},24 \sqrt{y},48 \sqrt{y},"LaTeX(""Given that $y = (2x - 1)^4, \\frac{d^2y}{dx^2} =$"").parsingMode(.onlyEquations)","LaTeX(""$8 \\sqrt{y}$"").parsingMode(.onlyEquations)","LaTeX(""$16 \\sqrt{y}$"").parsingMode(.onlyEquations)","LaTeX(""$24 \\sqrt{y}$"").parsingMode(.onlyEquations)","LaTeX(""$48 \\sqrt{y}$"").parsingMode(.onlyEquations)","Given that $y = (2x - 1)^4, \frac{d^2y}{dx^2} =$",$8 \sqrt{y}$,$16 \sqrt{y}$,$24 \sqrt{y}$,$48 \sqrt{y}$,cape_1_puremathematics_may_2022_1_31,cape_1_puremathematics_may_2022_1_31_a,cape_1_puremathematics_may_2022_1_31_b,cape_1_puremathematics_may_2022_1_31_c,cape_1_puremathematics_may_2022_1_31_d
cape,1,PureMathematics,May,2022,1,35,Calculus 1,Limits,3,B,\lim_{(x \to 4)} \frac{x^2 - 2x - 24}{x^2 - 5x - 36} =,-\frac{10}{13},\frac{10}{13},0,\infty,"LaTeX(""$\\lim_{(x \\to 4)} \\frac{x^2 - 2x - 24}{x^2 - 5x - 36} =$"").parsingMode(.onlyEquations)","LaTeX(""$-\\frac{10}{13}$"").parsingMode(.onlyEquations)","LaTeX(""$\\frac{10}{13}$"").parsingMode(.onlyEquations)","LaTeX(""0"").parsingMode(.onlyEquations)","LaTeX(""$\\infty$"").parsingMode(.onlyEquations)",$\lim_{(x \to 4)} \frac{x^2 - 2x - 24}{x^2 - 5x - 36} =$,$-\frac{10}{13}$,$\frac{10}{13}$,0,$\infty$,cape_1_puremathematics_may_2022_1_35,cape_1_puremathematics_may_2022_1_35_a,cape_1_puremathematics_may_2022_1_35_b,cape_1_puremathematics_may_2022_1_35_c,cape_1_puremathematics_may_2022_1_35_d
cape,1,PureMathematics,May,2022,1,36,Calculus 1,Integration 1,4,A,"\text{The volume of the solid generated when the area enclosed by the curve } y = x^2 \text{, the } y \text{-axis and the line } y = 4 \text{ is rotated } 360^\circ \text{ about the } y\text{-axis is}",8 \pi,16 \pi,32 \pi,64 \pi,"LaTeX(""The volume of the solid generated when the area enclosed by the curve $y = x^2$, the $y$-axis and the line $y = 4$ is rotated $360^\\circ$ about the $y$-axis is"").parsingMode(.onlyEquations)","LaTeX(""$8 \\pi$"").parsingMode(.onlyEquations)","LaTeX(""$16 \\pi$"").parsingMode(.onlyEquations)","LaTeX(""$32 \\pi$"").parsingMode(.onlyEquations)","LaTeX(""$64 \\pi$"").parsingMode(.onlyEquations)","The volume of the solid generated when the area enclosed by the curve $y = x^2$, the $y$-axis and the line $y = 4$ is rotated $360^\circ$ about the $y$-axis is",$8 \pi$,$16 \pi$,$32 \pi$,$64 \pi$,cape_1_puremathematics_may_2022_1_36,cape_1_puremathematics_may_2022_1_36_a,cape_1_puremathematics_may_2022_1_36_b,cape_1_puremathematics_may_2022_1_36_c,cape_1_puremathematics_may_2022_1_36_d
cape,1,PureMathematics,May,2022,1,43,Calculus 1,Integration 1,4,D,"\text{The portion of the curve } y = 2x \text{ between } x = a \text{ and } x = b \text{ is rotated } 360^\circ \, (2 \pi \, \text{radians}) \text{ about the } x\text{-axis. The volume, } v\text{, of the solid generated is BEST represented as}","v = \frac{1}{4} \int_a^b \pi y^2 \, dy","v = \frac{1}{4} \int_a^b \pi y^2 \, dx","v = 4 \int_a^b \pi x^2 \, dy","v = 4 \int_a^b \pi x^2 \, dx","LaTeX(""The portion of the curve $y = 2x$ between $x = a$ and $x = b$ is rotated $360^\\circ \\, (2 \\pi \\,$radians$)$ about the $x$-axis. The volume, $v$, of the solid generated is BEST represented as"").parsingMode(.onlyEquations)","LaTeX(""$v = \\frac{1}{4} \\int_a^b \\pi y^2 \\, dy$"").parsingMode(.onlyEquations)","LaTeX(""$v = \\frac{1}{4} \\int_a^b \\pi y^2 \\, dx$"").parsingMode(.onlyEquations)","LaTeX(""$v = 4 \\int_a^b \\pi x^2 \\, dy$"").parsingMode(.onlyEquations)","LaTeX(""$v = 4 \\int_a^b \\pi x^2 \\, dx$"").parsingMode(.onlyEquations)","The portion of the curve $y = 2x$ between $x = a$ and $x = b$ is rotated $360^\circ \, (2 \pi \,$radians$)$ about the $x$-axis. The volume, $v$, of the solid generated is BEST represented as","$v = \frac{1}{4} \int_a^b \pi y^2 \, dy$","$v = \frac{1}{4} \int_a^b \pi y^2 \, dx$","$v = 4 \int_a^b \pi x^2 \, dy$","$v = 4 \int_a^b \pi x^2 \, dx$",cape_1_puremathematics_may_2022_1_43,cape_1_puremathematics_may_2022_1_43_a,cape_1_puremathematics_may_2022_1_43_b,cape_1_puremathematics_may_2022_1_43_c,cape_1_puremathematics_may_2022_1_43_d
cape,1,PureMathematics,May,2021,1,4,"Algebra, Geometry and Calculus",Algebraic Operations,2,A,4 \sqrt{x} + \frac{4 \sqrt{3x}}{\sqrt{48}} =,5 \sqrt{x},\frac{\sqrt{x}}{3},4 \sqrt{x} + 1,4 \sqrt{x} + \frac{\sqrt{x}}{4},"LaTeX(""$4 \\sqrt{x} + \\frac{4 \\sqrt{3x}}{\\sqrt{48}} =$"").parsingMode(.onlyEquations)","LaTeX(""$5 \\sqrt{x}$"").parsingMode(.onlyEquations)","LaTeX(""$\\frac{\\sqrt{x}}{3}$"").parsingMode(.onlyEquations)","LaTeX(""$4 \\sqrt{x} + 1$"").parsingMode(.onlyEquations)","LaTeX(""$4 \\sqrt{x} + \\frac{\\sqrt{x}}{4}$"").parsingMode(.onlyEquations)",$4 \sqrt{x} + \frac{4 \sqrt{3x}}{\sqrt{48}} =$,$5 \sqrt{x}$,$\frac{\sqrt{x}}{3}$,$4 \sqrt{x} + 1$,$4 \sqrt{x} + \frac{\sqrt{x}}{4}$,cape_1_puremathematics_may_2021_1_4,cape_1_puremathematics_may_2021_1_4_a,cape_1_puremathematics_may_2021_1_4_b,cape_1_puremathematics_may_2021_1_4_c,cape_1_puremathematics_may_2021_1_4_d
cape,1,PureMathematics,May,2021,1,10,"Algebra, Geometry and Calculus",Exponential and Logarithmis Functions,2,B,\log_8 18 + 3 \log_8 2 - 2 \log_8 3 =,\frac{2}{3},\frac{4}{3},2,4,"LaTeX(""$\\log_8 18 + 3 \\log_8 2 - 2 \\log_8 3 =$"").parsingMode(.onlyEquations)","LaTeX(""$\\frac{2}{3}$"").parsingMode(.onlyEquations)","LaTeX(""$\\frac{4}{3}$"").parsingMode(.onlyEquations)","LaTeX(""$2$"").parsingMode(.onlyEquations)","LaTeX(""$4$"").parsingMode(.onlyEquations)",$\log_8 18 + 3 \log_8 2 - 2 \log_8 3 =$,$\frac{2}{3}$,$\frac{4}{3}$,$2$,$4$,cape_1_puremathematics_may_2021_1_10,cape_1_puremathematics_may_2021_1_10_a,cape_1_puremathematics_may_2021_1_10_b,cape_1_puremathematics_may_2021_1_10_c,cape_1_puremathematics_may_2021_1_10_d
cape,1,PureMathematics,May,2021,1,15,"Algebra, Geometry and Calculus",Cubic Functions and Equations,3,D,"\text{Given that } \alpha, 2 \alpha \text{ and } 3 \alpha \text{ are the roots of the equation } x^3 + kx^2 + 48 = 0 \text{, the value of the constant } k \text{ is}",-12,-2,2,12,"LaTeX(""Given that $\\alpha, 2 \\alpha$ and $3 \\alpha$ are the roots of the equation $x^3 + kx^2 + 48 = 0$, the value of the constant $k$ is"").parsingMode(.onlyEquations)","LaTeX(""$-12$"").parsingMode(.onlyEquations)","LaTeX(""$-2$"").parsingMode(.onlyEquations)","LaTeX(""$2$"").parsingMode(.onlyEquations)","LaTeX(""$12$"").parsingMode(.onlyEquations)","Given that $\alpha, 2 \alpha$ and $3 \alpha$ are the roots of the equation $x^3 + kx^2 + 48 = 0$, the value of the constant $k$ is",$-12$,$-2$,$2$,$12$,cape_1_puremathematics_may_2021_1_15,cape_1_puremathematics_may_2021_1_15_a,cape_1_puremathematics_may_2021_1_15_b,cape_1_puremathematics_may_2021_1_15_c,cape_1_puremathematics_may_2021_1_15_d
cape,1,PureMathematics,May,2021,1,16,"Trigonometry, Coordinate Geometry and Vectors","Trigonometric Functions, Identities and Equations",2,C,"\text{What value of } \theta, 0 \le \theta \le \pi \text{, satisfies the equation } 2 \cos^2 \theta + 3 \cos \theta - 2 = 0 \text{?}",\frac{\pi}{6},\frac{\pi}{4},\frac{\pi}{3},\frac{\pi}{2},"LaTeX(""What value of $\\theta, 0 \\le \\theta \\le \\pi$, satisfies the equation $2 \\cos^2 \\theta + 3 \\cos \\theta - 2 = 0$?"").parsingMode(.onlyEquations)","LaTeX(""$\\frac{\\pi}{6}$"").parsingMode(.onlyEquations)","LaTeX(""$\\frac{\\pi}{4}$"").parsingMode(.onlyEquations)","LaTeX(""$\\frac{\\pi}{3}$"").parsingMode(.onlyEquations)","LaTeX(""$\\frac{\\pi}{2}$"").parsingMode(.onlyEquations)","What value of $\theta, 0 \le \theta \le \pi$, satisfies the equation $2 \cos^2 \theta + 3 \cos \theta - 2 = 0$?",$\frac{\pi}{6}$,$\frac{\pi}{4}$,$\frac{\pi}{3}$,$\frac{\pi}{2}$,cape_1_puremathematics_may_2021_1_16,cape_1_puremathematics_may_2021_1_16_a,cape_1_puremathematics_may_2021_1_16_b,cape_1_puremathematics_may_2021_1_16_c,cape_1_puremathematics_may_2021_1_16_d
cape,1,PureMathematics,May,2021,1,22,"Trigonometry, Coordinate Geometry and Vectors","Trigonometric Functions, Identities and Equations",3,A,"\text{Given that } f(\theta) = \cos \theta + 3 \sin \theta, r > 0 \text{ and } 0 < \theta < \frac{\pi}{2}, f(\theta) \text{ can be expressed as}",\sqrt{10} \cos(\theta - \arctan 3),\sqrt{10} \cos(\theta + \arctan 3),\sqrt{10} \cos \left[ \theta - \arctan \left( \frac{1}{3} \right) \right],\sqrt{10} \cos \left[ \theta + \arctan \left( \frac{1}{3} \right) \right],"LaTeX(""Given that $f(\\theta) = \\cos \\theta + 3 \\sin \\theta, r > 0$ and $0 < \\theta < \\frac{\\pi}{2}, f(\\theta)$ can be expressed as"").parsingMode(.onlyEquations)","LaTeX(""$\\sqrt{10} \\cos(\\theta - \\arctan 3)$"").parsingMode(.onlyEquations)","LaTeX(""$\\sqrt{10} \\cos(\\theta + \\arctan 3)$"").parsingMode(.onlyEquations)","LaTeX(""$\\sqrt{10} \\cos \\left[ \\theta - \\arctan \\left( \\frac{1}{3} \\right) \\right]$"").parsingMode(.onlyEquations)","LaTeX(""$\\sqrt{10} \\cos \\left[ \\theta + \\arctan \\left( \\frac{1}{3} \\right) \\right]$"").parsingMode(.onlyEquations)","Given that $f(\theta) = \cos \theta + 3 \sin \theta, r > 0$ and $0 < \theta < \frac{\pi}{2}, f(\theta)$ can be expressed as",$\sqrt{10} \cos(\theta - \arctan 3)$,$\sqrt{10} \cos(\theta + \arctan 3)$,$\sqrt{10} \cos \left[ \theta - \arctan \left( \frac{1}{3} \right) \right]$,$\sqrt{10} \cos \left[ \theta + \arctan \left( \frac{1}{3} \right) \right]$,cape_1_puremathematics_may_2021_1_22,cape_1_puremathematics_may_2021_1_22_a,cape_1_puremathematics_may_2021_1_22_b,cape_1_puremathematics_may_2021_1_22_c,cape_1_puremathematics_may_2021_1_22_d
cape,1,PureMathematics,May,2021,1,24,"Trigonometry, Coordinate Geometry and Vectors",Coordinate Geometry,3,C,\text{The curve whose Cartesian equation is } \frac{(x-3)^2}{16} + \frac{(y+4)^2}{9} = 1 \text{ may be represented by the parametric equations},"x = -3 + 4 \sin t 
  y = 4 - 3 \cos t","x = 4 - 3 \sin t 
  y = -4 - 3 \cos t","x = 3 + 4 \sin t 
  y = -4 + 3 \cos t","x = -3 - 4 \cos t 
  y = -4 + 3 \sin t","LaTeX(""The curve whose Cartesian equation is $\\frac{(x-3)^2}{16} + \\frac{(y+4)^2}{9} = 1$ may be represented by the parametric equations"").parsingMode(.onlyEquations)","LaTeX(""$x = -3 + 4 \\sin t$\n$y = 4 - 3 \\cos t$"").parsingMode(.onlyEquations)","LaTeX(""$x = 4 - 3 \\sin t$\n$y = -4 - 3 \\cos t$"").parsingMode(.onlyEquations)","LaTeX(""$x = 3 + 4 \\sin t$\n$y = -4 + 3 \\cos t$"").parsingMode(.onlyEquations)","LaTeX(""$x = -3 - 4 \\cos t$\n$y = -4 + 3 \\sin t$"").parsingMode(.onlyEquations)",The curve whose Cartesian equation is $\frac{(x-3)^2}{16} + \frac{(y+4)^2}{9} = 1$ may be represented by the parametric equations,"$x = -3 + 4 \sin t$
$y = 4 - 3 \cos t$","$x = 4 - 3 \sin t$
$y = -4 - 3 \cos t$","$x = 3 + 4 \sin t$
$y = -4 + 3 \cos t$","$x = -3 - 4 \cos t$
$y = -4 + 3 \sin t$",cape_1_puremathematics_may_2021_1_24,cape_1_puremathematics_may_2021_1_24_a,cape_1_puremathematics_may_2021_1_24_b,cape_1_puremathematics_may_2021_1_24_c,cape_1_puremathematics_may_2021_1_24_d
cape,1,PureMathematics,May,2021,1,25,"Trigonometry, Coordinate Geometry and Vectors","Trigonometric Functions, Identities and Equations",3,A,"\text{Expressed as the product of two trigonometric functions, } \sin \theta + \sin 3 \theta =",2 \sin 2 \theta \cos \theta,2 \sin \theta \cos 2 \theta,-2 \sin 0 \cos 2 \theta,-2 \sin 2 \theta \cos 0,"LaTeX(""Expressed as the product of two trigonometric functions, $\\sin \\theta + \\sin 3 \\theta =$"").parsingMode(.onlyEquations)","LaTeX(""$2 \\sin 2 \\theta \\cos \\theta$"").parsingMode(.onlyEquations)","LaTeX(""$2 \\sin \\theta \\cos 2 \\theta$"").parsingMode(.onlyEquations)","LaTeX(""$-2 \\sin 0 \\cos 2 \\theta$"").parsingMode(.onlyEquations)","LaTeX(""$-2 \\sin 2 \\theta \\cos 0$"").parsingMode(.onlyEquations)","Expressed as the product of two trigonometric functions, $\sin \theta + \sin 3 \theta =$",$2 \sin 2 \theta \cos \theta$,$2 \sin \theta \cos 2 \theta$,$-2 \sin 0 \cos 2 \theta$,$-2 \sin 2 \theta \cos 0$,cape_1_puremathematics_may_2021_1_25,cape_1_puremathematics_may_2021_1_25_a,cape_1_puremathematics_may_2021_1_25_b,cape_1_puremathematics_may_2021_1_25_c,cape_1_puremathematics_may_2021_1_25_d
cape,1,PureMathematics,May,2021,1,28,"Trigonometry, Coordinate Geometry and Vectors",Coordinate Geometry,3,C,"\text{A curve } C \text{ is given by the parametric equations } x = 4 \sin \theta, y = 3 \cos \theta \text{. The Cartesian equation of } C \text{ is}",3x^2 + 4y^2 = 144,4x^2 + 3y^2 = 144,9x^2 + 16y^2 = 144,16x^2 + 9y^2 = 144,"LaTeX(""A curve $C$ is given by the parametric equations $x = 4 \\sin \\theta, y = 3 \\cos \\theta$. The Cartesian equation of $C$ is"").parsingMode(.onlyEquations)","LaTeX(""$3x^2 + 4y^2 = 144$"").parsingMode(.onlyEquations)","LaTeX(""$4x^2 + 3y^2 = 144$"").parsingMode(.onlyEquations)","LaTeX(""$9x^2 + 16y^2 = 144$"").parsingMode(.onlyEquations)","LaTeX(""$16x^2 + 9y^2 = 144$"").parsingMode(.onlyEquations)","A curve $C$ is given by the parametric equations $x = 4 \sin \theta, y = 3 \cos \theta$. The Cartesian equation of $C$ is",$3x^2 + 4y^2 = 144$,$4x^2 + 3y^2 = 144$,$9x^2 + 16y^2 = 144$,$16x^2 + 9y^2 = 144$,cape_1_puremathematics_may_2021_1_28,cape_1_puremathematics_may_2021_1_28_a,cape_1_puremathematics_may_2021_1_28_b,cape_1_puremathematics_may_2021_1_28_c,cape_1_puremathematics_may_2021_1_28_d
cape,1,PureMathematics,May,2021,1,30,"Trigonometry, Coordinate Geometry and Vectors","Trigonometric Functions, Identities and Equations",3,C,\text{The general solution of } \cos 2 \theta = \cos \frac{\pi}{3} \text{ is } \theta =,2n\pi \pm \frac{\pi}{6},n\pi \pm \frac{2 \pi}{3},n\pi \pm \frac{\pi}{6},n\pi \pm \frac{\pi}{3},"LaTeX(""The general solution of $\\cos 2 \\theta = \\cos \\frac{\\pi}{3}$ is $\\theta =$"").parsingMode(.onlyEquations)","LaTeX(""$2n\\pi \\pm \\frac{\\pi}{6}$"").parsingMode(.onlyEquations)","LaTeX(""$n\\pi \\pm \\frac{2 \\pi}{3}$"").parsingMode(.onlyEquations)","LaTeX(""$n\\pi \\pm \\frac{\\pi}{6}$"").parsingMode(.onlyEquations)","LaTeX(""$n\\pi \\pm \\frac{\\pi}{3}$"").parsingMode(.onlyEquations)",The general solution of $\cos 2 \theta = \cos \frac{\pi}{3}$ is $\theta =$,$2n\pi \pm \frac{\pi}{6}$,$n\pi \pm \frac{2 \pi}{3}$,$n\pi \pm \frac{\pi}{6}$,$n\pi \pm \frac{\pi}{3}$,cape_1_puremathematics_may_2021_1_30,cape_1_puremathematics_may_2021_1_30_a,cape_1_puremathematics_may_2021_1_30_b,cape_1_puremathematics_may_2021_1_30_c,cape_1_puremathematics_may_2021_1_30_d
cape,1,PureMathematics,May,2021,1,33,Calculus 1,Differentiation 1,3,D,"\text{Given } y = 3x^2 - 4 \cos 5x, \text{ then } \frac{d^2y}{dx^2} \text{ is equal to}",9x^2 - 20 \sin 5x,9x^2 + 20 \sin 5x,18x - 100 \cos 5x,18x + 100 \cos 5x,"LaTeX(""Given $y = 3x^2 - 4 \\cos 5x,$ then $\\frac{d^2y}{dx^2}$ is equal to"").parsingMode(.onlyEquations)","LaTeX(""$9x^2 - 20 \\sin 5x$"").parsingMode(.onlyEquations)","LaTeX(""$9x^2 + 20 \\sin 5x$"").parsingMode(.onlyEquations)","LaTeX(""$18x - 100 \\cos 5x$"").parsingMode(.onlyEquations)","LaTeX(""$18x + 100 \\cos 5x$"").parsingMode(.onlyEquations)","Given $y = 3x^2 - 4 \cos 5x,$ then $\frac{d^2y}{dx^2}$ is equal to",$9x^2 - 20 \sin 5x$,$9x^2 + 20 \sin 5x$,$18x - 100 \cos 5x$,$18x + 100 \cos 5x$,cape_1_puremathematics_may_2021_1_33,cape_1_puremathematics_may_2021_1_33_a,cape_1_puremathematics_may_2021_1_33_b,cape_1_puremathematics_may_2021_1_33_c,cape_1_puremathematics_may_2021_1_33_d
cape,1,PureMathematics,May,2021,1,34,Calculus 1,Limits,3,B,"\text{A dial on a plane preparing for landing registers the number } 200 + 5 \left[ \frac{\sin h}{h} \right] \text{, where } h \text{ is the height above the ground. Just as the plane lands the dial reads}",200,205,200 + \frac{5 \pi}{2},200 + 5 \pi,"LaTeX(""A dial on a plane preparing for landing registers the number $200 + 5 \\left[ \\frac{\\sin h}{h} \\right]$, where $h$ is the height above the ground. Just as the plane lands the dial reads"").parsingMode(.onlyEquations)","LaTeX(""$200$"").parsingMode(.onlyEquations)","LaTeX(""$205$"").parsingMode(.onlyEquations)","LaTeX(""$200 + \\frac{5 \\pi}{2}$"").parsingMode(.onlyEquations)","LaTeX(""$200 + 5 \\pi$"").parsingMode(.onlyEquations)","A dial on a plane preparing for landing registers the number $200 + 5 \left[ \frac{\sin h}{h} \right]$, where $h$ is the height above the ground. Just as the plane lands the dial reads",$200$,$205$,$200 + \frac{5 \pi}{2}$,$200 + 5 \pi$,cape_1_puremathematics_may_2021_1_34,cape_1_puremathematics_may_2021_1_34_a,cape_1_puremathematics_may_2021_1_34_b,cape_1_puremathematics_may_2021_1_34_c,cape_1_puremathematics_may_2021_1_34_d
cape,1,PureMathematics,May,2021,1,35,Calculus 1,Limits,2,B,\lim_{(x \rightarrow 1)} \frac{x^2 - 3x + 2}{x^2 - 4x + 3} =,0,\frac{1}{2},\frac{2}{3},\infty,"LaTeX(""$\\lim_{(x \\rightarrow 1)} \\frac{x^2 - 3x + 2}{x^2 - 4x + 3} =$"").parsingMode(.onlyEquations)","LaTeX(""$0$"").parsingMode(.onlyEquations)","LaTeX(""$\\frac{1}{2}$"").parsingMode(.onlyEquations)","LaTeX(""$\\frac{2}{3}$"").parsingMode(.onlyEquations)","LaTeX(""$\\infty$"").parsingMode(.onlyEquations)",$\lim_{(x \rightarrow 1)} \frac{x^2 - 3x + 2}{x^2 - 4x + 3} =$,$0$,$\frac{1}{2}$,$\frac{2}{3}$,$\infty$,cape_1_puremathematics_may_2021_1_35,cape_1_puremathematics_may_2021_1_35_a,cape_1_puremathematics_may_2021_1_35_b,cape_1_puremathematics_may_2021_1_35_c,cape_1_puremathematics_may_2021_1_35_d
cape,1,PureMathematics,May,2021,1,37,Calculus 1,Differentiation 1,3,B,"\text{The radius of a circle is increasing at a rate of } 0.1\,\text{cm}\,\text{s}^{-1} \text{. At the instant when the radius is 3 cm, the rate of increase of the area, in } \text{cm}^2\,\text{s}^{-1} \text{, is}",\frac{2}{5}\pi,\frac{3}{5}\pi,2 \pi,4 \pi,"LaTeX(""The radius of a circle is increasing at a rate of $0.1\\,$cm$\\,$s$^{-1}$. At the instant when the radius is 3 cm, the rate of increase of the area, in cm$^2\\,$s$^{-1}$, is"").parsingMode(.onlyEquations)","LaTeX(""$\\frac{2}{5}\\pi$"").parsingMode(.onlyEquations)","LaTeX(""$\\frac{3}{5}\\pi$"").parsingMode(.onlyEquations)","LaTeX(""$2 \\pi$"").parsingMode(.onlyEquations)","LaTeX(""$4 \\pi$"").parsingMode(.onlyEquations)","The radius of a circle is increasing at a rate of $0.1\,$cm$\,$s$^{-1}$. At the instant when the radius is 3 cm, the rate of increase of the area, in cm$^2\,$s$^{-1}$, is",$\frac{2}{5}\pi$,$\frac{3}{5}\pi$,$2 \pi$,$4 \pi$,cape_1_puremathematics_may_2021_1_37,cape_1_puremathematics_may_2021_1_37_a,cape_1_puremathematics_may_2021_1_37_b,cape_1_puremathematics_may_2021_1_37_c,cape_1_puremathematics_may_2021_1_37_d
cape,1,PureMathematics,May,2021,1,41,Calculus 1,Integration 1,3,A,"\text{Given that } 2 \sin^2 x = 1 - \cos 2x \text{, then } \int \sin^2 \frac{x}{4} \, dx =","\frac{1}{2}x - \frac{1}{2}\int \cos \frac{x}{2} \, dx","\frac{1}{2}x - \frac{1}{2}\int \cos \frac{x}{4} \, dx","\frac{1}{2}x + \frac{1}{2}\int \cos \frac{x}{2} \, dx","\frac{1}{2}x + \frac{1}{2}\int \cos \frac{x}{4} \, dx","LaTeX(""Given that $2 \\sin^2 x = 1 - \\cos 2x$, then $\\int \\sin^2 \\frac{x}{4} \\, dx =$"").parsingMode(.onlyEquations)","LaTeX(""$\\frac{1}{2}x - \\frac{1}{2}\\int \\cos \\frac{x}{2} \\, dx$"").parsingMode(.onlyEquations)","LaTeX(""$\\frac{1}{2}x - \\frac{1}{2}\\int \\cos \\frac{x}{4} \\, dx$"").parsingMode(.onlyEquations)","LaTeX(""$\\frac{1}{2}x + \\frac{1}{2}\\int \\cos \\frac{x}{2} \\, dx$"").parsingMode(.onlyEquations)","LaTeX(""$\\frac{1}{2}x + \\frac{1}{2}\\int \\cos \\frac{x}{4} \\, dx$"").parsingMode(.onlyEquations)","Given that $2 \sin^2 x = 1 - \cos 2x$, then $\int \sin^2 \frac{x}{4} \, dx =$","$\frac{1}{2}x - \frac{1}{2}\int \cos \frac{x}{2} \, dx$","$\frac{1}{2}x - \frac{1}{2}\int \cos \frac{x}{4} \, dx$","$\frac{1}{2}x + \frac{1}{2}\int \cos \frac{x}{2} \, dx$","$\frac{1}{2}x + \frac{1}{2}\int \cos \frac{x}{4} \, dx$",cape_1_puremathematics_may_2021_1_41,cape_1_puremathematics_may_2021_1_41_a,cape_1_puremathematics_may_2021_1_41_b,cape_1_puremathematics_may_2021_1_41_c,cape_1_puremathematics_may_2021_1_41_d
cape,1,PureMathematics,May,2021,1,43,Calculus 1,Integration 1,3,D,"\text{The portion of the curve } y = 2x \text{ between } x = a \text{ and } x = b \text{ is rotated } 360^\circ \text{ (} 2 \pi \text{ radians) about the x-axis. The volume, } v \text{, of the solid generated is BEST represented as}","v = \frac{1}{4} \int_{a}^{b} \pi y^2 \, dy","v = \frac{1}{4} \int_{a}^{b} \pi y^2 \, dx","v = 4 \int_{a}^{b} \pi x^2 \, dy","v = 4 \int_{a}^{b} \pi x^2 \, dx","LaTeX(""The portion of the curve $y = 2x$ between $x = a$ and $x = b$ is rotated 360^\\circ ( 2 \\pi radians) about the x-axis. The volume, $v$, of the solid generated is BEST represented as"").parsingMode(.onlyEquations)","LaTeX(""$v = \\frac{1}{4} \\int_{a}^{b} \\pi y^2 \\, dy$"").parsingMode(.onlyEquations)","LaTeX(""$v = \\frac{1}{4} \\int_{a}^{b} \\pi y^2 \\, dx$"").parsingMode(.onlyEquations)","LaTeX(""$v = 4 \\int_{a}^{b} \\pi x^2 \\, dy$"").parsingMode(.onlyEquations)","LaTeX(""$v = 4 \\int_{a}^{b} \\pi x^2 \\, dx$"").parsingMode(.onlyEquations)","The portion of the curve $y = 2x$ between $x = a$ and $x = b$ is rotated 360^\circ ( 2 \pi radians) about the x-axis. The volume, $v$, of the solid generated is BEST represented as","$v = \frac{1}{4} \int_{a}^{b} \pi y^2 \, dy$","$v = \frac{1}{4} \int_{a}^{b} \pi y^2 \, dx$","$v = 4 \int_{a}^{b} \pi x^2 \, dy$","$v = 4 \int_{a}^{b} \pi x^2 \, dx$",cape_1_puremathematics_may_2021_1_43,cape_1_puremathematics_may_2021_1_43_a,cape_1_puremathematics_may_2021_1_43_b,cape_1_puremathematics_may_2021_1_43_c,cape_1_puremathematics_may_2021_1_43_d
cape,1,PureMathematics,May,2021,1,45,Calculus 1,Integration 1,3,C,"\int_{0}^{\frac{\pi}{2}} 2 \cos 5x \, dx \text{ is}",-10,-\frac{2}{5},\frac{2}{5},10,"LaTeX(""$\\int_{0}^{\\frac{\\pi}{2}} 2 \\cos 5x \\, dx$ is"").parsingMode(.onlyEquations)","LaTeX(""$-10$"").parsingMode(.onlyEquations)","LaTeX(""$-\\frac{2}{5}$"").parsingMode(.onlyEquations)","LaTeX(""$\\frac{2}{5}$"").parsingMode(.onlyEquations)","LaTeX(""$10$"").parsingMode(.onlyEquations)","$\int_{0}^{\frac{\pi}{2}} 2 \cos 5x \, dx$ is",$-10$,$-\frac{2}{5}$,$\frac{2}{5}$,$10$,cape_1_puremathematics_may_2021_1_45,cape_1_puremathematics_may_2021_1_45_a,cape_1_puremathematics_may_2021_1_45_b,cape_1_puremathematics_may_2021_1_45_c,cape_1_puremathematics_may_2021_1_45_d
